EmployeeID,Name,Department,Age,Salary,PerformanceScore,JoinDate,MonthlySales
1001,Employee_1,engineering,29.0,77299.37516583537,6.8094170519629635,01-01-2018,49277.33
1002,Employee_2,Support,55.0,38845.027500343014,6.153682508193728,2018-01-05,
1003,Employee_3,HR,33.0,52047.13044297036,5.428975280733824,01-10-2018,49429.38
1004,Employee_4,Marketing,59.0,70026.78478019885,6.602587042822456,2018-01-15,20959.07
1005,Employee_5,Sales,,44309.879890587064,5.761842979787927,19/01/2018,29564.93
1006,Employee_6,Sales,52.0,27103.364062571185,5.279010855508178,01-24-2018,23737.13
1007,Employee_7,Sales,25.0,57166.370101665176,,29/01/2018,47043.58
1008,Employee_8,finance,26.0,101722.8590007826,8.588754891452677,02/02/2018,50711.55
1009,Employee_9,marketing,51.0,57565.84536395817,4.24390262075593,02-07-2018,37692.61
1010,Employee_10,HR,45.0,50562.985219403105,8.474838039392964,2018-02-12,26906.05
1011,Employee_11,Sales,24.0,76385.96342243295,5.911855687496329,02-16-2018,39703.76
1012,Employee_12,support,32.0,52083.29542874146,6.799107250951336,21/02/2018,32701.3
1013,Employee_13,Finance,25.0,72602.33244379525,7.637830482106789,26/02/2018,28057.44
1014,Employee_14,Sales,47.0,60305.39998376167,5.886699933991409,03-03-2018,45084.91
1015,Employee_15,sales,48.0,58002.92719088378,6.661046388193977,2018-03-07,28630.12
1016,Employee_16,sales,48.0,41322.94686211953,7.468919666891054,2018-03-12,16504.75
1017,Employee_17,Engg,27.0,73902.65810640363,6.041737387160081,17/03/2018,19838.28
1018,Employee_18,marketing,36.0,82641.93734549085,7.665422811786072,21/03/2018,15951.09
1019,Employee_19,Engineering,51.0,,3.5831519189124017,2018-03-26,43712.68
1020,Employee_20,Engg,58.0,91201.14531095637,4.659473886437485,03-31-2018,42256.08
1021,Employee_21,Marketing,58.0,58917.26803132548,7.516243593041292,04/04/2018,41507.8
1022,Employee_22,sales,58.0,64372.879211397434,7.323569418581945,2018-04-09,48815.97
1023,Employee_23,engineering,56.0,120464.29322084984,,14/04/2018,57879.38
1024,Employee_24,engineering,44.0,96287.43200529352,7.267466998587022,04-18-2018,31116.0
1025,Employee_25,engineering,27.0,82942.95808422536,7.581782696774329,2018-04-23,46097.16
1026,Employee_26,Finance,25.0,68399.18970530147,5.52785959783239,28/04/2018,16305.77
1027,Employee_27,Sales,39.0,67851.95760646305,6.823347818507104,05-03-2018,60680.65
1028,Employee_28,Marketing,30.0,53006.39278304403,4.107308139458575,07/05/2018,21327.53
1029,Employee_29,Marketing,50.0,70226.95786836321,4.594314018263597,05-12-2018,29348.78
1030,Employee_30,Sales,34.0,27151.151512262433,2.141946502231035,05-17-2018,31034.36
1031,Employee_31,marketing,38.0,57241.44514264336,4.5343270086323955,2018-05-21,17105.94
1032,Employee_32,Sales,53.0,62537.68016176803,8.705726731322864,05-26-2018,40488.63
1033,Employee_33,sales,43.0,70241.50655890859,,31/05/2018,43208.56
1034,Employee_34,support,25.0,35178.309395491306,5.053611491408768,06-04-2018,37158.79
1035,Employee_35,Support,26.0,26966.819788432756,,06-09-2018,16896.29
1036,Employee_36,Finance,58.0,66871.17802129817,4.942097956559867,2018-06-14,69750.79
1037,Employee_37,Engg,34.0,76494.97190703734,5.579289283879897,06-19-2018,48238.46
1038,Employee_38,Sales,55.0,53211.55999924564,4.860404190154769,06-23-2018,79513.33
1039,Employee_39,hr,43.0,49920.158544425154,7.630505224745949,28/06/2018,27923.36
1040,Employee_40,Engg,44.0,74170.25945757666,7.509480154153183,2018-07-03,54368.23
1041,Employee_41,Sales,,,3.1090198739826107,2018-07-07,51689.11
1042,Employee_42,engineering,55.0,88113.43327962658,4.881183168454646,2018-07-12,35641.37
1043,Employee_43,SALES,53.0,67965.5184280642,6.736989104811843,07-17-2018,61165.76
1044,Employee_44,Support,42.0,22861.137116446876,6.5822323948454144,2018-07-21,
1045,Employee_45,Engineering,42.0,77793.69395345531,4.708318284942872,07-26-2018,34586.63
1046,Employee_46,HR,32.0,56200.03170377747,6.280098492320159,07-31-2018,-12071.45
1047,Employee_47,Engineering,25.0,80410.67315009682,3.785417319926918,04/08/2018,46135.42
1048,Employee_48,marketing,22.0,58025.57210340365,3.6020848267766636,09/08/2018,20117.35
1049,Employee_49,Marketing,49.0,60008.3894106861,8.168496504908706,14/08/2018,31739.18
1050,Employee_50,SALES,45.0,56899.07177144041,3.3588487777326153,19/08/2018,24606.71
1051,Employee_51,Support,56.0,,9.086388784992124,23/08/2018,34506.53
1052,Employee_52,Finance,34.0,71791.43876166973,7.177299037156099,08-28-2018,46658.2
1053,Employee_53,Support,55.0,35609.47553718624,,09-02-2018,
1054,Employee_54,finance,32.0,78091.3656249613,7.2677712824897105,2018-09-06,50644.62
1055,Employee_55,Marketing,57.0,58621.871766203716,5.552065056308741,09-11-2018,58984.44
1056,Employee_56,support,38.0,46860.43948314623,,09-16-2018,34468.06
1057,Employee_57,Sales,56.0,85839.12207628401,7.258611072137488,20/09/2018,32821.49
1058,Employee_58,Sales,39.0,41714.74654479974,6.165347241900706,09-25-2018,54365.91
1059,Employee_59,SALES,43.0,71662.98722848346,6.782619571061099,30/09/2018,55555.71
1060,Employee_60,Engineering,45.0,58087.783715407524,2.978866911117774,2018-10-05,51108.86
1061,Employee_61,engineering,40.0,65059.48014097268,3.4471150826559995,2018-10-09,25717.32
1062,Employee_62,Engg,58.0,75112.31906774915,3.7792073904487022,10-14-2018,46339.83
1063,Employee_63,Finance,42.0,55869.65961670077,6.7498340787365025,2018-10-19,41642.06
1064,Employee_64,Engg,29.0,92444.42157766619,5.196051160194662,10-23-2018,55787.93
1065,Employee_65,Engineering,49.0,93478.10717002161,3.3057506168737905,2018-10-28,31406.92
1066,Employee_66,Marketing,26.0,56942.14477953163,6.442365237749789,02/11/2018,15000.85
1067,Employee_67,Sales,38.0,53201.46439885046,8.181849563826896,06/11/2018,50353.55
1068,Employee_68,finance,58.0,76333.17713117992,7.476283640325287,11/11/2018,1624.47
1069,Employee_69,sales,57.0,,5.594948978739877,16/11/2018,29027.3
1070,Employee_70,Support,40.0,29081.53180668289,2.823859016941511,11-20-2018,24652.07
1071,Employee_71,Finance,48.0,65657.30834520396,5.581463262223933,2018-11-25,24550.98
1072,Employee_72,Sales,55.0,54164.92212504388,5.719410289107128,11-30-2018,28764.53
1073,Employee_73,sales,32.0,60823.79195872544,4.837390182465623,05/12/2018,58260.6
1074,Employee_74,Finance,33.0,60727.99429271835,6.362955667999724,12-09-2018,52308.33
1075,Employee_75,hr,42.0,48929.34589287596,8.716407045889508,2018-12-14,36224.04
1076,Employee_76,HR,32.0,50359.803614325894,6.351414256903721,12-19-2018,57004.35
1077,Employee_77,Finance,49.0,61546.35875848564,5.818032248422551,2018-12-23,24065.54
1078,Employee_78,Sales,26.0,46260.21820062537,4.157168836780534,12-28-2018,22025.75
1079,Employee_79,Engineering,38.0,,8.15536952117296,2019-01-02,52953.95
1080,Employee_80,sales,41.0,53435.858248153505,5.80907666219265,2019-01-06,48694.65
1081,Employee_81,Finance,33.0,76005.7302330476,5.4318416288611235,11/01/2019,33096.05
1082,Employee_82,Marketing,27.0,47360.89535226005,5.4635773580904266,2019-01-16,22968.09
1083,Employee_83,engineering,38.0,85791.82166545455,6.497533083142642,21/01/2019,61895.98
1084,Employee_84,SALES,40.0,52249.4073813569,6.071293482035199,25/01/2019,14198.46
1085,Employee_85,Engg,47.0,99766.36689748327,8.297548438380051,30/01/2019,31023.61
1086,Employee_86,engineering,53.0,78715.03470518517,6.011709064079552,02-04-2019,43428.65
1087,Employee_87,hr,27.0,52815.824061861036,5.7148784867692495,02-08-2019,67032.47
1088,Employee_88,marketing,57.0,63033.06609045464,6.753441629013067,02-13-2019,45746.5
1089,Employee_89,finance,59.0,89756.76691215968,7.73729399729692,02-18-2019,47204.57
1090,Employee_90,engineering,32.0,77914.92762832486,3.4511825025204805,2019-02-22,31459.24
1091,Employee_91,SALES,54.0,47113.20018259007,7.329789601525076,2019-02-27,48527.2
1092,Employee_92,Human Resources,45.0,38751.73181332015,4.986230561623969,03-04-2019,41579.64
1093,Employee_93,finance,44.0,49962.6499351792,4.585147661500815,2019-03-08,16173.03
1094,Employee_94,marketing,36.0,81176.24321115263,8.185876141171551,2019-03-13,51894.02
1095,Employee_95,Finance,48.0,55101.98522861053,6.375847097819898,18/03/2019,54555.9
1096,Employee_96,engineering,32.0,80204.33509134185,4.458969236267965,23/03/2019,52050.48
1097,Employee_97,marketing,38.0,75789.19809938592,7.993812332187825,27/03/2019,40499.92
1098,Employee_98,Engineering,35.0,68962.71543674142,4.107463544602785,01/04/2019,25657.35
1099,Employee_99,sales,48.0,64076.218831448576,9.183170511620412,2019-04-06,5362.24
1100,Employee_100,sales,39.0,,3.909894420896288,04-10-2019,42355.8
1101,Employee_101,SALES,49.0,69960.33683835504,7.107233034476597,2019-04-15,56229.13
1102,Employee_102,Marketing,25.0,33961.4677555097,,2019-04-20,
1103,Employee_103,Engineering,28.0,68958.36700499205,8.281961793952215,2019-04-24,52241.09
1104,Employee_104,marketing,56.0,53460.9331804931,3.816315242893981,29/04/2019,38886.84
1105,Employee_105,Support,30.0,56661.87228207283,7.369637734983007,04/05/2019,56311.96
1106,Employee_106,SALES,29.0,54628.50099236112,4.879059427901357,09/05/2019,53862.43
1107,Employee_107,Engg,,85971.41912536115,5.267409494096077,05-13-2019,33660.5
1108,Employee_108,Finance,38.0,86152.5304895766,7.487933275096594,2019-05-18,
1109,Employee_109,Sales,54.0,80862.87446119687,9.130020379499058,05-23-2019,31960.61
1110,Employee_110,Sales,53.0,63067.087412965266,8.838449214096832,27/05/2019,48100.36
1111,Employee_111,engineering,29.0,82525.7459627846,3.3208653580997494,06-01-2019,20513.25
1112,Employee_112,sales,40.0,49982.283591888736,6.15074101614113,2019-06-06,21666.82
1113,Employee_113,Support,59.0,29538.631442912105,7.416171977220888,2019-06-10,55873.11
1114,Employee_114,Finance,24.0,71209.80906704863,3.532524045209521,15/06/2019,54063.4
1115,Employee_115,Marketing,26.0,40444.88416828407,5.493819449496475,20/06/2019,49504.17
1116,Employee_116,finance,34.0,76622.36386371401,6.327992497055424,06-24-2019,41319.53
1117,Employee_117,finance,52.0,,7.825157148953655,29/06/2019,4130.88
1118,Employee_118,sales,37.0,63611.0989575166,5.272098909886117,04/07/2019,38876.86
1119,Employee_119,finance,53.0,64370.227357660784,3.5650831255628788,2019-07-09,46812.75
1120,Employee_120,marketing,43.0,66323.24895158148,3.446502809810537,13/07/2019,31979.0
1121,Employee_121,finance,50.0,89446.40134199052,8.43689599729268,18/07/2019,29312.59
1122,Employee_122,finance,43.0,88845.93562313367,8.598370485881714,2019-07-23,61666.31
1123,Employee_123,engineering,24.0,77954.90530123955,5.851773288555956,2019-07-27,39095.67
1124,Employee_124,SALES,31.0,61123.55667498788,5.504955309217249,08-01-2019,46821.93
1125,Employee_125,SALES,,53102.782119157615,3.4705702657592625,06/08/2019,51611.97
1126,Employee_126,Engg,37.0,99679.11897496424,7.328974142505747,2019-08-10,24978.44
1127,Employee_127,Finance,33.0,74603.36744580125,4.578999448035035,08-15-2019,42898.11
1128,Employee_128,finance,23.0,41563.34308618663,3.5112192171685246,08-20-2019,59794.67
1129,Employee_129,Sales,45.0,50823.842964437936,4.911346028877818,25/08/2019,67288.35
1130,Employee_130,marketing,56.0,62382.7003547555,5.822832179192322,29/08/2019,40599.05
1131,Employee_131,Engineering,51.0,72787.62039409386,4.000820348891721,09-03-2019,36430.85
1132,Employee_132,SALES,51.0,61972.26411839183,6.3988013624080455,2019-09-08,44035.36
1133,Employee_133,sales,56.0,36711.817099275635,4.1528634042041945,09-12-2019,43654.56
1134,Employee_134,Engg,40.0,80418.73143099535,6.572996168808602,17/09/2019,60801.37
1135,Employee_135,support,29.0,61095.74303640162,8.35138152280216,2019-09-22,25054.12
1136,Employee_136,Engg,47.0,79394.66653362878,5.632547340724097,2019-09-26,35801.9
1137,Employee_137,Marketing,28.0,66887.6035104201,7.038319678592659,10-01-2019,23242.88
1138,Employee_138,HR,51.0,28957.115385095756,8.124639693693624,06/10/2019,24818.58
1139,Employee_139,Engineering,28.0,114975.7758811817,5.489883908767111,10-10-2019,45648.61
1140,Employee_140,support,24.0,41345.35633815291,3.967065664987487,10-15-2019,
1141,Employee_141,support,22.0,46143.84968337263,7.099689335333944,10-20-2019,30259.12
1142,Employee_142,Engineering,57.0,92148.44155858758,9.027236334201527,2019-10-25,51581.42
1143,Employee_143,engineering,,97290.8023719763,5.973792275690731,2019-10-29,56673.68
1144,Employee_144,Engineering,58.0,71769.84020416587,7.678742773536435,03/11/2019,69020.59
1145,Employee_145,Engineering,22.0,89935.96234996004,6.141448695688237,08/11/2019,41046.2
1146,Employee_146,sales,36.0,47094.77409062372,4.583407781472564,11-12-2019,30403.53
1147,Employee_147,marketing,58.0,39725.31328706076,3.500227081396483,11-17-2019,24962.92
1148,Employee_148,Marketing,34.0,71845.46640154452,7.536393697407407,11-22-2019,23473.1
1149,Employee_149,sales,29.0,50773.92419680491,4.4162576081662,26/11/2019,58746.71
1150,Employee_150,Engineering,26.0,92910.24510735023,6.267427519518053,2019-12-01,17273.57
1151,Employee_151,support,30.0,47158.14502473671,8.483104789312977,2019-12-06,58266.23
1152,Employee_152,SALES,22.0,50981.77273148664,,12-11-2019,26973.38
1153,Employee_153,SALES,57.0,78700.32824356937,9.156030624144318,12-15-2019,29721.91
1154,Employee_154,Engg,56.0,89432.82416845189,4.149825973832985,12-20-2019,37726.67
1155,Employee_155,Support,23.0,26304.572187879985,4.2643649574188,12-25-2019,29445.18
1156,Employee_156,SALES,44.0,50195.42367780019,,29/12/2019,
1157,Employee_157,HR,30.0,,6.409337706027303,2020-01-03,67200.16
1158,Employee_158,Finance,55.0,76391.1413124466,7.489674335197204,01-08-2020,30138.52
1159,Employee_159,SALES,35.0,41946.62877685886,5.460112070252222,12/01/2020,33516.43
1160,Employee_160,Human Resources,25.0,61153.79008813723,8.39826459436209,01-17-2020,37550.19
1161,Employee_161,Engg,51.0,68845.59685354753,3.818510981733681,01-22-2020,48115.85
1162,Employee_162,marketing,52.0,73729.62243139702,7.024495252103452,2020-01-26,
1163,Employee_163,marketing,59.0,44167.82533035113,4.417187281096772,01-31-2020,60808.86
1164,Employee_164,marketing,32.0,57285.057371895884,6.406767746730276,2020-02-05,57199.36
1165,Employee_165,Sales,56.0,67774.8241363204,7.394345276134659,2020-02-10,22218.06
1166,Employee_166,Finance,29.0,71435.26802664483,6.945357341308336,2020-02-14,47814.52
1167,Employee_167,Engg,24.0,-1.0,4.884127603274738,19/02/2020,62805.09
1168,Employee_168,SALES,35.0,62423.94351651918,5.036578023146106,24/02/2020,32578.29
1169,Employee_169,Sales,34.0,70435.22336085522,5.7153296057559775,2020-02-28,35586.03
1170,Employee_170,marketing,53.0,72746.51821096454,6.279004788748331,03-04-2020,32079.45
1171,Employee_171,hr,55.0,44555.0682975627,5.858533021187781,2020-03-09,32393.87
1172,Employee_172,Sales,40.0,62595.299605521584,7.441898663061094,03-13-2020,14973.23
1173,Employee_173,marketing,59.0,41681.37765962705,3.811920833972505,2020-03-18,20075.28
1174,Employee_174,SALES,37.0,54305.141111946585,3.563728109044701,03-23-2020,41162.11
1175,Employee_175,Marketing,23.0,69821.81681566247,9.724705585593309,27/03/2020,62703.97
1176,Employee_176,Sales,38.0,56606.171850952,,04-01-2020,30799.59
1177,Employee_177,HR,55.0,55359.67677820503,,2020-04-06,30358.64
1178,Employee_178,engineering,37.0,87440.7314884105,,11/04/2020,65522.82
1179,Employee_179,support,59.0,58548.83325042171,7.054400123730655,04-15-2020,23376.14
1180,Employee_180,sales,23.0,54035.01071549209,5.9494247770207505,04-20-2020,15081.35
1181,Employee_181,Engineering,23.0,84414.59781115135,5.143467067636879,04-25-2020,27572.27
1182,Employee_182,sales,47.0,65638.20895082864,7.227868871926621,04-29-2020,30058.23
1183,Employee_183,Support,34.0,28138.080931626482,4.499023237195381,05-04-2020,13788.2
1184,Employee_184,finance,52.0,76012.40012220814,8.05007412696559,09/05/2020,38079.37
1185,Employee_185,Engineering,55.0,77490.18150927433,6.227170584847949,13/05/2020,54226.7
1186,Employee_186,HR,24.0,65335.12195085798,7.66614726746514,18/05/2020,20710.68
1187,Employee_187,Finance,29.0,66867.67296103845,5.082699057967037,23/05/2020,41313.67
1188,Employee_188,marketing,44.0,61619.81664983626,5.726458726858319,2020-05-28,45939.04
1189,Employee_189,marketing,35.0,64950.84475972947,4.465673025023376,01/06/2020,38749.24
1190,Employee_190,sales,48.0,31843.78484423011,4.312665157123162,06-06-2020,42785.39
1191,Employee_191,sales,50.0,47192.98190131772,4.05478522053144,06-11-2020,42959.91
1192,Employee_192,Finance,22.0,82522.55091143864,,15/06/2020,27809.08
1193,Employee_193,support,38.0,55413.18029005066,6.596462737893542,06-20-2020,62478.74
1194,Employee_194,marketing,51.0,63396.386464742594,6.425565175797776,25/06/2020,58716.35
1195,Employee_195,Engineering,34.0,73806.43714289372,4.852602066119654,06-29-2020,57848.67
1196,Employee_196,Engg,42.0,97026.04153030294,6.647670459592259,2020-07-04,55205.14
1197,Employee_197,HR,40.0,58560.79508246535,10.0,2020-07-09,16375.31
1198,Employee_198,finance,40.0,70564.20655748494,5.57799990128551,13/07/2020,53890.94
1199,Employee_199,Finance,46.0,84678.05140709749,5.758283018289885,18/07/2020,49834.02
1200,Employee_200,Finance,43.0,61798.81851843852,6.38448062528009,23/07/2020,16952.15
1201,Employee_201,Marketing,52.0,53881.7090700003,1.9055075030962834,07-28-2020,
1202,Employee_202,sales,38.0,25184.661050970226,4.605168232914911,01/08/2020,44151.9
1203,Employee_203,SALES,44.0,66037.93012177196,5.994327151149246,2020-08-06,64964.76
1204,Employee_204,finance,53.0,73766.34356164161,4.699847279027939,08-11-2020,50870.86
1205,Employee_205,marketing,31.0,39818.15609840125,5.752544310387313,15/08/2020,27031.51
1206,Employee_206,SALES,31.0,33896.81200007023,5.025823227672201,08-20-2020,65430.83
1207,Employee_207,SALES,57.0,44528.43247154787,2.772808262336068,08-25-2020,40656.7
1208,Employee_208,HR,29.0,59523.89530376424,5.506400483399555,29/08/2020,36162.38
1209,Employee_209,Sales,41.0,51395.674142936456,1.487376899357736,09-03-2020,35093.23
1210,Employee_210,sales,53.0,45342.5570000761,5.957031821204059,2020-09-08,15646.67
1211,Employee_211,marketing,35.0,47926.60928299805,5.821279591810138,2020-09-13,38353.46
1212,Employee_212,HR,49.0,37389.05650606176,4.179529984552578,09-17-2020,47462.28
1213,Employee_213,HR,45.0,26795.86038670928,5.649962086860154,22/09/2020,34219.25
1214,Employee_214,SALES,36.0,40511.250020243504,3.3518145693298913,09-27-2020,46306.79
1215,Employee_215,HR,43.0,37153.06304387399,3.90787761329121,2020-10-01,27034.13
1216,Employee_216,SALES,51.0,63191.47883748575,7.035359638448134,10-06-2020,37886.08
1217,Employee_217,Engg,25.0,88011.32336224063,4.8675660356676165,10-11-2020,44748.1
1218,Employee_218,Human Resources,34.0,40092.98188379047,5.410663659885857,2020-10-15,42844.91
1219,Employee_219,marketing,44.0,87716.67306487424,6.540360112104198,10-20-2020,15918.02
1220,Employee_220,finance,29.0,62033.23703744001,4.985265117423224,10-25-2020,33414.91
1221,Employee_221,hr,39.0,64005.234972603634,6.149425424697692,29/10/2020,65161.94
1222,Employee_222,marketing,33.0,79453.30269345258,5.912529998845363,03/11/2020,32613.31
1223,Employee_223,SALES,52.0,36160.47594811188,5.511698368945781,2020-11-08,40237.11
1224,Employee_224,engineering,35.0,90887.55556888282,5.102485048313217,2020-11-13,38698.66
1225,Employee_225,engineering,,83789.59618910131,5.713009880148469,2020-11-17,63523.6
1226,Employee_226,Sales,39.0,47812.90724128797,4.547547840002793,22/11/2020,59355.52
1227,Employee_227,support,,51664.521801682895,4.031778150507456,2020-11-27,52112.96
1228,Employee_228,engineering,32.0,82525.5540429206,,2020-12-01,25401.37
1229,Employee_229,Finance,33.0,64048.37144408235,6.4517090498472305,2020-12-06,45387.75
1230,Employee_230,marketing,36.0,57982.62125249648,9.332154165821333,11/12/2020,48519.13
1231,Employee_231,Finance,,65519.20877948117,4.210001178976671,12-15-2020,29520.93
1232,Employee_232,Marketing,50.0,45917.157515854495,4.982417144794678,2020-12-20,26942.24
1233,Employee_233,Marketing,47.0,69550.87805816969,6.284782681624776,12-25-2020,65575.21
1234,Employee_234,Engg,39.0,102582.37126209121,8.113172720527757,2020-12-30,35487.95
1235,Employee_235,SALES,53.0,59123.42307442261,5.445509312522217,01-03-2021,64224.65
1236,Employee_236,hr,43.0,45481.36818773281,4.0175056281228585,08/01/2021,54956.41
1237,Employee_237,Engg,59.0,81537.47116404262,7.388587520893635,13/01/2021,46118.15
1238,Employee_238,SALES,38.0,46556.55924488264,5.102852918352291,2021-01-17,46787.97
1239,Employee_239,marketing,,88288.51638039251,8.73239108360869,01-22-2021,18993.71
1240,Employee_240,Sales,45.0,66254.05961879973,7.706000582128304,27/01/2021,43101.62
1241,Employee_241,support,29.0,34918.67905699994,5.451098241996547,2021-01-31,61255.31
1242,Employee_242,support,27.0,46976.37392924569,5.837348138910163,2021-02-05,50220.09
1243,Employee_243,support,26.0,40649.579698807654,5.195131775445676,10/02/2021,42315.05
1244,Employee_244,Engg,50.0,97005.60451387549,6.32749053253879,14/02/2021,65679.06
1245,Employee_245,SALES,49.0,61521.9892334721,7.620749800929552,2021-02-19,37224.39
1246,Employee_246,Support,32.0,58003.31584686565,5.4555055207539125,02-24-2021,30706.66
1247,Employee_247,Engineering,22.0,79793.32249605365,5.652934570116363,03-01-2021,42307.48
1248,Employee_248,Support,40.0,46256.82358365757,4.384894036884667,03-05-2021,51497.01
1249,Employee_249,Support,,24017.436180509685,3.459712459462195,2021-03-10,14233.09
1250,Employee_250,finance,,54911.91639485386,5.199187324009257,15/03/2021,44273.03
1251,Employee_251,engineering,55.0,100609.21003871015,3.5902234894947602,2021-03-19,52155.18
1252,Employee_252,Engg,25.0,78591.79450313607,8.520427650080881,24/03/2021,35955.38
1253,Employee_253,Finance,57.0,59909.09442342574,3.705864788805932,03-29-2021,56604.47
1254,Employee_254,Engineering,39.0,89900.6631053994,5.934900386285141,04-02-2021,49617.8
1255,Employee_255,SALES,36.0,63337.13237015848,8.16918320123322,07/04/2021,72120.75
1256,Employee_256,marketing,34.0,47270.07844999085,4.069145914373794,12/04/2021,28740.96
1257,Employee_257,support,40.0,20000.0,1.2959545156829253,2021-04-17,52460.65
1258,Employee_258,hr,27.0,39557.32109427786,4.810447414526886,04-21-2021,24740.14
1259,Employee_259,marketing,,,5.411146276657524,2021-04-26,15769.5
1260,Employee_260,Sales,58.0,59117.62061220248,2.7913207677221203,2021-05-01,9467.04
1261,Employee_261,Marketing,38.0,75886.49764544657,7.221659721130627,2021-05-05,48074.86
1262,Employee_262,Support,44.0,31418.206294407653,5.63155110806981,05-10-2021,42763.72
1263,Employee_263,Sales,47.0,35327.24478803133,6.729851921209094,2021-05-15,32814.23
1264,Employee_264,marketing,50.0,65550.58263177049,4.596295583307944,2021-05-19,13397.43
1265,Employee_265,finance,,72880.27285222056,3.7453089129405086,2021-05-24,29644.2
1266,Employee_266,Human Resources,48.0,53666.6518445271,5.57324796765648,2021-05-29,
1267,Employee_267,HR,46.0,61195.95971180682,6.427283997076699,2021-06-02,51897.54
1268,Employee_268,HR,31.0,55060.219086947116,7.6350353588271,2021-06-07,39751.96
1269,Employee_269,engineering,44.0,94867.41111768455,8.359222563391965,06-12-2021,43780.91
1270,Employee_270,Engg,42.0,98580.08416561369,8.250722909141704,2021-06-17,34358.01
1271,Employee_271,finance,42.0,76028.99958624433,6.7162654796512165,21/06/2021,66238.36
1272,Employee_272,Finance,34.0,80289.35118060886,7.7137164392866655,2021-06-26,24726.26
1273,Employee_273,finance,58.0,82102.24989734298,5.644372342713373,2021-07-01,29511.43
1274,Employee_274,support,54.0,63380.26561489098,7.171606069457419,07-05-2021,32614.63
1275,Employee_275,Marketing,45.0,52209.70410115585,3.8235499961260837,07-10-2021,48140.57
1276,Employee_276,marketing,32.0,65766.74528892897,6.382365359776758,15/07/2021,24417.1
1277,Employee_277,finance,38.0,65556.11957683244,5.910776024938641,19/07/2021,42035.78
1278,Employee_278,Marketing,25.0,49997.2921526488,8.083057516159894,07-24-2021,42473.65
1279,Employee_279,Human Resources,46.0,41725.51614703561,5.242801515116411,07-29-2021,29584.63
1280,Employee_280,finance,51.0,75939.4662107383,6.432037567016844,2021-08-03,
1281,Employee_281,Finance,,75019.030657432,6.606393656439664,08-07-2021,
1282,Employee_282,Engineering,42.0,94804.94435086125,5.5580167437103825,12/08/2021,23243.89
1283,Employee_283,engineering,41.0,87291.436229168,4.6608327116409285,2021-08-17,41494.09
1284,Employee_284,sales,40.0,55040.977014140924,7.950265837977625,21/08/2021,15103.67
1285,Employee_285,marketing,40.0,69813.0323505126,5.019275453085184,2021-08-26,7827.96
1286,Employee_286,sales,33.0,-1.0,3.1144870566795073,08-31-2021,47992.5
1287,Employee_287,Engg,58.0,90295.70518114301,7.035183328000372,04/09/2021,55734.55
1288,Employee_288,marketing,38.0,61079.473777521474,7.790695951912088,2021-09-09,32997.95
1289,Employee_289,Engg,58.0,99039.65122893179,5.774868075045632,2021-09-14,29978.94
1290,Employee_290,Marketing,49.0,43797.0190566861,4.535770721359485,09-18-2021,
1291,Employee_291,sales,56.0,72941.60494620894,7.320895536470636,09-23-2021,22816.93
1292,Employee_292,Sales,39.0,57563.56509314212,5.066399239542331,09-28-2021,19549.41
1293,Employee_293,Finance,35.0,73198.96656033924,4.9873795470990085,03/10/2021,50614.55
1294,Employee_294,Engineering,56.0,85183.44291201328,7.078561027580212,2021-10-07,40135.57
1295,Employee_295,Sales,28.0,61456.26825756213,7.233510064053535,10-12-2021,55973.15
1296,Employee_296,marketing,34.0,60575.448603397264,7.995510759647021,17/10/2021,7896.01
1297,Employee_297,Finance,39.0,84507.78332927759,4.846505647915636,21/10/2021,18989.89
1298,Employee_298,sales,58.0,37702.06902323662,4.381409720795905,26/10/2021,40214.98
1299,Employee_299,marketing,34.0,62106.5499586861,6.527096841338484,10-31-2021,
1300,Employee_300,SALES,57.0,59902.14818052911,4.856676134364905,11-04-2021,52704.96
1301,Employee_301,sales,52.0,52763.5312676429,6.850707719114119,2021-11-09,42622.27
1302,Employee_302,Marketing,,55144.01012031545,,2021-11-14,42469.83
1303,Employee_303,marketing,37.0,55644.51265237551,4.907188674277753,11-19-2021,34158.98
1304,Employee_304,marketing,30.0,62095.67123241394,6.1626714719612465,23/11/2021,63863.57
1305,Employee_305,hr,30.0,28280.49318823153,7.097452694533251,28/11/2021,23454.65
1306,Employee_306,Support,59.0,56580.17953275876,9.277916339166438,03/12/2021,45385.3
1307,Employee_307,marketing,32.0,54238.41758764979,6.830622755973096,2021-12-07,25182.87
1308,Employee_308,Engg,43.0,91533.63236840139,6.966825378210483,12/12/2021,48021.68
1309,Employee_309,Finance,54.0,74405.2272014568,4.939656558045472,2021-12-17,24444.74
1310,Employee_310,Engg,57.0,83690.33535224452,6.223330868298988,2021-12-21,51157.24
1311,Employee_311,Engg,44.0,88427.53911601205,6.7566082169631,26/12/2021,41681.57
1312,Employee_312,SALES,55.0,30577.117112493954,4.463300617783129,31/12/2021,66169.59
1313,Employee_313,SALES,30.0,63785.48328799686,5.54710978256635,01-04-2022,35784.71
1314,Employee_314,support,45.0,57960.82800386597,4.726094889978016,01-09-2022,46374.49
1315,Employee_315,Finance,29.0,49588.07737673496,2.3728092362598097,14/01/2022,28305.16
1316,Employee_316,Human Resources,28.0,45122.085479644855,2.834279004000498,2022-01-19,35681.6
1317,Employee_317,engineering,57.0,75241.56746111023,6.131242232356404,2022-01-23,41586.24
1318,Employee_318,sales,39.0,52867.11614215113,6.114904794947722,2022-01-28,17091.7
1319,Employee_319,SALES,24.0,62783.63601665153,5.663465103520931,2022-02-02,18735.64
1320,Employee_320,Engg,49.0,101847.7067910795,6.095200892967017,2022-02-06,48997.89
1321,Employee_321,marketing,,73462.23827312217,6.988817725951836,02-11-2022,37808.7
1322,Employee_322,hr,42.0,65726.52589630656,6.539481688302437,16/02/2022,31106.1
1323,Employee_323,HR,49.0,47331.04665853321,3.855722562920919,02-20-2022,28945.21
1324,Employee_324,engineering,22.0,76236.49645519874,6.681325153171387,2022-02-25,29522.67
1325,Employee_325,support,57.0,43624.916396304376,6.3874350758199325,2022-03-02,41688.26
1326,Employee_326,hr,42.0,57599.21002764291,6.778808221102918,2022-03-07,46675.54
1327,Employee_327,Marketing,56.0,45272.88262894971,6.519988186485044,2022-03-11,8618.39
1328,Employee_328,marketing,34.0,79921.6434413789,5.775614137979433,16/03/2022,61192.51
1329,Employee_329,Engineering,31.0,100774.6624651241,8.359330279844968,2022-03-21,60125.51
1330,Employee_330,sales,31.0,52521.19397882405,5.665995421027845,25/03/2022,5040.18
1331,Employee_331,Engg,34.0,,6.906375162249568,2022-03-30,56288.9
1332,Employee_332,Finance,58.0,61970.54702664828,6.700200901563896,04/04/2022,55828.28
1333,Employee_333,sales,59.0,55890.474565601864,4.486320986276259,04-08-2022,40006.68
1334,Employee_334,SALES,45.0,52247.16876723577,6.616709045732993,2022-04-13,20542.47
1335,Employee_335,Sales,23.0,66406.0330633915,7.059713659439603,18/04/2022,55228.42
1336,Employee_336,Sales,43.0,50884.290060368454,5.839681989259936,04-22-2022,36381.53
1337,Employee_337,finance,38.0,76066.0217273379,6.161743461313822,2022-04-27,48233.18
1338,Employee_338,hr,57.0,49652.90138990156,5.85380519491839,2022-05-02,73288.02
1339,Employee_339,engineering,35.0,93236.03228876485,7.380835752904235,2022-05-07,43777.55
1340,Employee_340,SALES,31.0,52239.32277284341,6.728831909329435,11/05/2022,26246.73
1341,Employee_341,Engineering,56.0,98492.58649499544,6.470347600148269,16/05/2022,34964.04
1342,Employee_342,Engineering,46.0,,4.195619828466985,05-21-2022,28158.32
1343,Employee_343,SALES,24.0,60519.14830986573,7.017622536618715,25/05/2022,46502.35
1344,Employee_344,Engineering,59.0,97290.17192579406,7.449929025056372,30/05/2022,27908.99
1345,Employee_345,engineering,38.0,78667.57466948337,8.883993861644623,2022-06-04,32907.23
1346,Employee_346,marketing,33.0,63878.94915490775,7.807097052402945,2022-06-08,20733.54
1347,Employee_347,marketing,45.0,74990.4212098504,3.9007564786193187,2022-06-13,38018.69
1348,Employee_348,sales,50.0,60896.85480423397,6.412486838739662,2022-06-18,42651.32
1349,Employee_349,Engineering,46.0,77631.38996638171,8.098632041316558,2022-06-22,-271.82
1350,Employee_350,marketing,57.0,59402.80188421098,6.905463379563005,2022-06-27,43893.6
1351,Employee_351,Marketing,47.0,64499.73526007651,,2022-07-02,39314.5
1352,Employee_352,Finance,59.0,,6.8959032782338685,07-07-2022,28525.12
1353,Employee_353,HR,22.0,33700.745639319764,4.251469989479784,07-11-2022,70429.43
1354,Employee_354,SALES,41.0,51206.82557876168,6.527476273879268,07-16-2022,54377.15
1355,Employee_355,SALES,49.0,46110.01110438757,5.179798496731513,07-21-2022,23553.96
1356,Employee_356,Marketing,37.0,59828.53162332038,5.961991352450307,2022-07-25,52573.55
1357,Employee_357,sales,38.0,35903.144230044534,6.287838985044887,07-30-2022,
1358,Employee_358,marketing,49.0,66776.41275043387,4.948750983783421,2022-08-04,41980.31
1359,Employee_359,support,33.0,37384.73957647972,7.551210689526894,08-08-2022,45421.63
1360,Employee_360,marketing,48.0,71949.02684017627,5.963233400380499,13/08/2022,45075.2
1361,Employee_361,Engineering,51.0,,6.224854945847784,08-18-2022,8712.76
1362,Employee_362,Marketing,55.0,59695.33144338615,3.8840046317568935,08-23-2022,37196.96
1363,Employee_363,engineering,58.0,87923.58145563699,6.975935009088935,2022-08-27,36416.31
1364,Employee_364,marketing,27.0,51742.083718796726,7.756860089859702,09-01-2022,61452.33
1365,Employee_365,support,28.0,74667.35354727192,6.711405353536375,06/09/2022,45005.92
1366,Employee_366,Engineering,53.0,84049.60586391258,4.037145213431229,2022-09-10,35535.84
1367,Employee_367,support,53.0,57282.258269587925,7.031087510593459,2022-09-15,
1368,Employee_368,support,46.0,31876.45264723926,7.526038599849577,09-20-2022,55350.78
1369,Employee_369,Sales,54.0,59465.57669311793,4.048493986434538,2022-09-24,37231.23
1370,Employee_370,SALES,28.0,60746.465967182026,4.627861026516589,2022-09-29,29527.07
1371,Employee_371,Sales,33.0,54709.87627482245,5.304209476273849,2022-10-04,35864.47
1372,Employee_372,Sales,37.0,48147.943364325125,4.426881431420213,2022-10-08,54110.44
1373,Employee_373,Sales,37.0,51840.137168632435,4.6162286585181285,2022-10-13,47442.47
1374,Employee_374,HR,57.0,45160.525976322555,2.6168453573204618,2022-10-18,40664.02
1375,Employee_375,SALES,34.0,83824.31538202547,8.324801190210074,23/10/2022,42873.09
1376,Employee_376,Engg,28.0,89728.76292666217,6.494518900637561,10-27-2022,31603.86
1377,Employee_377,finance,57.0,76298.66534396741,3.766659467492903,01/11/2022,37090.76
1378,Employee_378,sales,30.0,76379.5010851044,9.25476869418959,2022-11-06,30050.44
1379,Employee_379,Finance,53.0,59484.175984309826,7.995847271611222,2022-11-10,35578.31
1380,Employee_380,Engg,32.0,90451.92279801525,4.896237815230591,11-15-2022,60192.67
1381,Employee_381,sales,29.0,51769.76641982333,7.588311207456676,20/11/2022,23831.92
1382,Employee_382,Human Resources,54.0,48966.33865419963,5.088820225223563,11-24-2022,29669.24
1383,Employee_383,Marketing,44.0,57851.85639459018,,29/11/2022,21185.52
1384,Employee_384,Finance,46.0,,4.307230546090507,2022-12-04,
1385,Employee_385,hr,29.0,52344.923419959596,9.438623456191394,12-09-2022,37198.42
1386,Employee_386,finance,43.0,57248.406671006785,4.9183944925554925,12-13-2022,30735.86
1387,Employee_387,engineering,25.0,101866.59284770822,6.783003176620605,2022-12-18,66425.33
1388,Employee_388,sales,24.0,62479.71767985525,5.342079802797022,12-23-2022,35757.3
1389,Employee_389,Finance,50.0,64078.44620363181,8.495895706036181,27/12/2022,59340.95
1390,Employee_390,finance,50.0,64660.200143513684,8.5629319763098,01/01/2023,54520.1
1391,Employee_391,Support,55.0,48306.126748179035,8.611700109303362,06/01/2023,36865.69
1392,Employee_392,Engineering,55.0,80417.45621272581,6.955533333157723,10/01/2023,71652.03
1393,Employee_393,engineering,49.0,111743.76148961845,,2023-01-15,44028.01
1394,Employee_394,finance,34.0,74295.10874430122,7.456530581158688,01-20-2023,62695.14
1395,Employee_395,Engg,36.0,94719.15781660413,6.225393692443103,24/01/2023,60948.95
1396,Employee_396,Support,44.0,53177.34096428743,8.37747998082832,2023-01-29,46219.72
1397,Employee_397,Finance,47.0,63046.44071115916,7.326175115606,02-03-2023,51266.96
1398,Employee_398,engineering,25.0,103068.11978141729,5.679507621956978,02-08-2023,49361.07
1399,Employee_399,finance,47.0,71374.40039458557,7.490458723985103,2023-02-12,22836.08
1400,Employee_400,finance,30.0,81401.74565198598,7.5931389576651895,2023-02-17,40859.36
1401,Employee_401,Sales,26.0,-1.0,1.7208838296888285,22/02/2023,56113.71
1402,Employee_402,support,53.0,60807.33872077423,7.991771895482905,02-26-2023,62892.79
1403,Employee_403,Marketing,41.0,64816.12352429748,5.593112493254565,03-03-2023,29190.4
1404,Employee_404,Finance,32.0,96190.08429012504,5.980440533008742,2023-03-08,47932.47
1405,Employee_405,Engineering,36.0,85565.74059813324,4.513396123466048,03-12-2023,42263.05
1406,Employee_406,finance,53.0,72454.59275308895,5.9198652942064,17/03/2023,38231.89
1407,Employee_407,engineering,49.0,77621.0850375581,6.10114362200793,03-22-2023,45340.04
1408,Employee_408,SALES,43.0,48648.42114944536,3.634228024183998,2023-03-27,43269.96
1409,Employee_409,Support,38.0,52424.238574174866,6.65598368302744,2023-03-31,48121.11
1410,Employee_410,Sales,47.0,68551.89325047401,7.542731761813309,05/04/2023,61625.75
1411,Employee_411,Engineering,28.0,125580.12422064866,10.0,10/04/2023,51761.91
1412,Employee_412,Support,47.0,43840.45312052135,4.326987402188372,04-14-2023,44658.87
1413,Employee_413,Support,46.0,33801.43910825283,4.915653675245935,04-19-2023,67969.38
1414,Employee_414,marketing,31.0,69039.9091245269,6.844489915271064,2023-04-24,56648.94
1415,Employee_415,marketing,40.0,46466.07335398433,7.044417662986625,28/04/2023,38614.02
1416,Employee_416,engineering,32.0,96771.32865632084,5.882230611058321,03/05/2023,21743.19
1417,Employee_417,Engineering,34.0,83972.93140567052,7.496608628270103,08/05/2023,25182.54
1418,Employee_418,Engineering,29.0,92539.13964456473,3.2209135075135467,05-12-2023,53998.49
1419,Employee_419,hr,25.0,,4.774605371615971,17/05/2023,
1420,Employee_420,Finance,52.0,68671.19885103164,6.456526459052913,2023-05-22,24879.17
1421,Employee_421,finance,49.0,81194.54901194345,4.4434907034653595,2023-05-27,28628.72
1422,Employee_422,finance,32.0,80477.9025834298,4.762189339021415,05-31-2023,29689.24
1423,Employee_423,SALES,22.0,32628.021660290866,4.089735786645634,06-05-2023,52759.72
1424,Employee_424,engineering,59.0,79180.79104757313,6.616198040252392,10/06/2023,37648.87
1425,Employee_425,SALES,45.0,36258.31766325434,2.2189686212017827,06-14-2023,19414.38
1426,Employee_426,Marketing,52.0,84020.84523036162,7.456489804761673,2023-06-19,40465.67
1427,Employee_427,engineering,47.0,88735.29689475209,7.486210765466813,24/06/2023,43333.99
1428,Employee_428,Finance,26.0,91369.9505555997,6.7760797151365475,2023-06-28,32809.95
1429,Employee_429,Engg,41.0,,4.466983287285999,03/07/2023,57338.28
1430,Employee_430,SALES,32.0,48126.77890541769,6.258995869108745,07-08-2023,33685.92
1431,Employee_431,SALES,,64605.97890119167,6.1921323659774234,13/07/2023,56625.07
1432,Employee_432,Finance,59.0,72151.2952531202,8.19331443451713,17/07/2023,48951.74
1433,Employee_433,Marketing,48.0,66394.3187137615,4.652596417486422,2023-07-22,53899.08
1434,Employee_434,Sales,,39954.30119448091,5.170248826976418,2023-07-27,23521.74
1435,Employee_435,Sales,36.0,71521.64191454716,7.134611658168384,31/07/2023,41474.65
1436,Employee_436,Human Resources,53.0,59324.19314908747,5.898528579684684,08-05-2023,39207.58
1437,Employee_437,SALES,42.0,59819.50606589768,1.9340513088586926,08-10-2023,18669.9
1438,Employee_438,finance,26.0,61772.67662701831,5.3472764692771255,2023-08-14,56575.91
1439,Employee_439,hr,27.0,,7.544545556932267,08-19-2023,27738.99
1440,Employee_440,Sales,59.0,51502.120252078115,6.992269791792932,2023-08-24,30856.48
1441,Employee_441,SALES,43.0,35194.10547954686,5.541872997232643,08-28-2023,24800.26
1442,Employee_442,Support,39.0,44394.92577934215,4.322952751443273,02/09/2023,50517.79
1443,Employee_443,Engg,35.0,88119.23522132968,6.49892595475421,2023-09-07,17111.05
1444,Employee_444,engineering,31.0,102748.81811850144,5.777284173611715,2023-09-12,49268.12
1445,Employee_445,finance,34.0,43186.88269222957,5.189568493534479,16/09/2023,55667.71
1446,Employee_446,Support,52.0,47822.39794625641,6.323377414415393,2023-09-21,48057.68
1447,Employee_447,Support,51.0,31133.183422731392,3.842096264211512,09-26-2023,50689.43
1448,Employee_448,Finance,24.0,73830.68010634655,4.852850246281973,09-30-2023,51393.2
1449,Employee_449,engineering,51.0,94491.36066692768,6.757101714978659,2023-10-05,25758.64
1450,Employee_450,SALES,27.0,53957.862674437696,5.616223490789132,10-10-2023,61521.02
1451,Employee_451,Finance,50.0,79687.517497733,5.223953728900957,2023-10-14,33098.86
1452,Employee_452,Marketing,29.0,45050.80729080361,3.8682950799499314,19/10/2023,39004.19
1453,Employee_453,Engineering,54.0,103292.6454033804,6.208885998189697,2023-10-24,
1454,Employee_454,support,38.0,36503.053605670306,7.92730987236083,29/10/2023,47373.13
1455,Employee_455,sales,32.0,36329.216194121254,4.277343761388124,11-02-2023,31929.44
1456,Employee_456,Engg,34.0,86731.2483540023,5.815533110313732,07/11/2023,41003.74
1457,Employee_457,SALES,32.0,29858.109727840176,4.895371917926274,11-12-2023,21469.84
1458,Employee_458,Engineering,52.0,93050.08670695442,4.455964748109807,2023-11-16,57469.98
1459,Employee_459,sales,49.0,51888.994689037296,3.200201008687822,11-21-2023,50061.11
1460,Employee_460,Sales,27.0,69804.24305651244,5.200251050722025,2023-11-26,35616.1
1461,Employee_461,Sales,37.0,62787.09052608395,6.759970593013652,2023-11-30,32962.76
1462,Employee_462,Marketing,25.0,43296.04395374388,5.295798784560308,05/12/2023,49669.42
1463,Employee_463,HR,56.0,39939.35010658538,6.5505773590558665,10/12/2023,29390.6
1464,Employee_464,Marketing,47.0,66247.97304641051,6.4575234947592,14/12/2023,41880.48
1465,Employee_465,Support,33.0,55164.948119820416,6.3439234687872155,19/12/2023,57420.98
1466,Employee_466,Engineering,32.0,104670.01097864256,5.827482136544437,12-24-2023,27831.14
1467,Employee_467,engineering,58.0,104574.11142366417,8.055615755977248,12-29-2023,45529.01
1468,Employee_468,finance,46.0,68925.72867702514,4.567516225770182,01-02-2024,44735.88
1469,Employee_469,sales,,59351.867467014024,4.55199409740667,2024-01-07,38539.95
1470,Employee_470,support,40.0,60584.86204732556,7.629826378448433,01-12-2024,32443.16
1471,Employee_471,sales,44.0,51360.29845676862,3.8182789568579487,01-16-2024,58221.96
1472,Employee_472,Support,59.0,49556.71424328149,9.850022210152021,01-21-2024,31036.47
1473,Employee_473,SALES,39.0,,5.9238616030309235,26/01/2024,12819.42
1474,Employee_474,finance,47.0,63388.62262641487,6.191290305808073,01-30-2024,49608.0
1475,Employee_475,Marketing,27.0,60580.62141942964,4.816401334186401,2024-02-04,21980.45
1476,Employee_476,support,25.0,36749.4785839249,5.114576662833926,09/02/2024,50378.22
1477,Employee_477,sales,50.0,53429.00832676301,5.2813147410146195,2024-02-14,60023.55
1478,Employee_478,Marketing,55.0,47580.54162561441,4.566274599777758,02-18-2024,49446.25
1479,Employee_479,Support,,,6.835445994955313,23/02/2024,56071.17
1480,Employee_480,Marketing,37.0,65380.68352339034,5.594670118831595,2024-02-28,70300.74
1481,Employee_481,marketing,23.0,52934.83756551845,7.172993721902195,03-03-2024,54501.41
1482,Employee_482,HR,55.0,50111.50103037095,10.0,2024-03-08,44958.6
1483,Employee_483,Engg,29.0,91672.11112345518,5.640293695952935,2024-03-13,64509.22
1484,Employee_484,Marketing,34.0,65430.41870185602,6.499994205457737,2024-03-17,66321.63
1485,Employee_485,marketing,29.0,58397.04190433741,6.4890751809651315,03-22-2024,66531.58
1486,Employee_486,Support,51.0,58030.396102413666,9.368777024010958,03-27-2024,32617.85
1487,Employee_487,Sales,53.0,29788.973662576987,,2024-03-31,19689.72
1488,Employee_488,Engg,57.0,125253.03416601328,6.519126328813121,05/04/2024,31702.12
1489,Employee_489,support,51.0,34546.3948315498,3.5778089831389335,10/04/2024,50554.62
1490,Employee_490,finance,22.0,74840.68028024893,6.155058092864095,04-15-2024,42387.38
1491,Employee_491,Engineering,38.0,78738.38507752982,4.764348925295668,04-19-2024,36902.79
1492,Employee_492,marketing,41.0,67731.21791411162,9.401574829655583,04-24-2024,48407.22
1493,Employee_493,Engg,45.0,93318.82983113913,8.820735122572405,04-29-2024,17937.92
1494,Employee_494,SALES,43.0,47191.43755185892,4.0580126357075486,05-03-2024,42117.54
1495,Employee_495,Engg,50.0,102877.04814492376,5.57771225192242,08/05/2024,56776.86
1496,Employee_496,Engg,43.0,88032.46944477694,6.012278634069176,05-13-2024,48239.73
1497,Employee_497,marketing,30.0,66566.59125668404,8.424169196672347,2024-05-17,
1498,Employee_498,sales,58.0,43994.08233764757,5.535223821438955,2024-05-22,63960.59
1499,Employee_499,Support,31.0,44629.34837314104,,27/05/2024,39007.85
1500,Employee_500,Support,57.0,,7.113721645455176,2024-06-01,30203.63
1305,Employee_305,hr,30.0,28280.49318823153,7.097452694533251,28/11/2021,23454.65
1341,Employee_341,Engineering,56.0,98492.58649499544,6.470347600148269,16/05/2022,34964.04
1048,Employee_48,marketing,22.0,58025.57210340365,3.6020848267766636,09/08/2018,20117.35
1068,Employee_68,finance,58.0,76333.17713117992,7.476283640325287,11/11/2018,1624.47
1480,Employee_480,Marketing,37.0,65380.68352339034,5.594670118831595,2024-02-28,70300.74
