EmployeeID,Name,Department,Age,Salary,PerformanceScore,JoinDate,MonthlySales,TenureYears,PerformanceBand
1001,Employee_1,Engineering,29.0,77299.37516583537,6.809417051962964,2018-01-01,49277.33,7.0,Medium
1002,Employee_2,Support,55.0,38845.02750034301,6.153682508193728,2018-01-05,45195.61,7.0,Medium
1003,Employee_3,HR,33.0,52047.13044297036,5.428975280733824,2018-01-10,49429.38,7.0,Medium
1004,Employee_4,Marketing,59.0,70026.78478019885,6.602587042822456,2018-01-15,20959.07,7.0,Medium
1005,Employee_5,Sales,41.0,44309.87989058706,5.761842979787927,2018-01-19,29564.93,7.0,Medium
1006,Employee_6,Sales,52.0,27103.364062571185,5.279010855508178,2018-01-24,23737.13,6.9,Medium
1007,Employee_7,Sales,25.0,57166.370101665176,5.6055862347645045,2018-01-29,47043.58,6.9,Medium
1008,Employee_8,Finance,26.0,101722.8590007826,8.588754891452677,2018-02-02,50711.55,6.9,High
1009,Employee_9,Marketing,51.0,57565.84536395817,4.24390262075593,2018-02-07,37692.61,6.9,Medium
1010,Employee_10,HR,45.0,50562.98521940311,8.474838039392964,2018-02-12,26906.05,6.9,High
1011,Employee_11,Sales,24.0,76385.96342243295,5.911855687496329,2018-02-16,39703.76,6.9,Medium
1012,Employee_12,Support,32.0,52083.29542874146,6.799107250951336,2018-02-21,32701.3,6.9,Medium
1013,Employee_13,Finance,25.0,72602.33244379525,7.637830482106789,2018-02-26,28057.44,6.9,High
1014,Employee_14,Sales,47.0,60305.39998376167,5.886699933991409,2018-03-03,45084.91,6.8,Medium
1015,Employee_15,Sales,48.0,58002.92719088378,6.661046388193977,2018-03-07,28630.12,6.8,Medium
1016,Employee_16,Sales,48.0,41322.94686211953,7.468919666891054,2018-03-12,16504.75,6.8,High
1017,Employee_17,Engineering,27.0,73902.65810640363,6.041737387160081,2018-03-17,19838.28,6.8,Medium
1018,Employee_18,Marketing,36.0,82641.93734549085,7.665422811786072,2018-03-21,15951.09,6.8,High
1019,Employee_19,Engineering,51.0,88116.33425047813,3.5831519189124017,2018-03-26,43712.68,6.8,Low
1020,Employee_20,Engineering,58.0,91201.14531095636,4.659473886437485,2018-03-31,42256.08,6.8,Medium
1021,Employee_21,Marketing,58.0,58917.26803132548,7.516243593041292,2018-04-04,41507.8,6.8,High
1022,Employee_22,Sales,58.0,64372.87921139744,7.323569418581945,2018-04-09,48815.97,6.7,High
1023,Employee_23,Engineering,56.0,120464.29322084984,6.095200892967017,2018-04-14,57879.38,6.7,Medium
1024,Employee_24,Engineering,44.0,96287.43200529352,7.267466998587022,2018-04-18,31116.0,6.7,High
1025,Employee_25,Engineering,27.0,82942.95808422536,7.581782696774329,2018-04-23,46097.16,6.7,High
1026,Employee_26,Finance,25.0,68399.18970530147,5.52785959783239,2018-04-28,16305.77,6.7,Medium
1027,Employee_27,Sales,39.0,67851.95760646305,6.823347818507104,2018-05-03,60680.65,6.7,Medium
1028,Employee_28,Marketing,30.0,53006.39278304403,4.107308139458575,2018-05-07,21327.53,6.7,Medium
1029,Employee_29,Marketing,50.0,70226.95786836321,4.594314018263597,2018-05-12,29348.78,6.6,Medium
1030,Employee_30,Sales,34.0,27151.151512262437,2.141946502231035,2018-05-17,31034.36,6.6,Low
1031,Employee_31,Marketing,38.0,57241.44514264336,4.534327008632396,2018-05-21,17105.94,6.6,Medium
1032,Employee_32,Sales,53.0,62537.68016176803,8.705726731322864,2018-05-26,40488.63,6.6,High
1033,Employee_33,Sales,43.0,70241.50655890859,5.6055862347645045,2018-05-31,43208.56,6.6,Medium
1034,Employee_34,Support,25.0,35178.309395491306,5.053611491408768,2018-06-04,37158.79,6.6,Medium
1035,Employee_35,Support,26.0,26966.81978843276,6.5822323948454144,2018-06-09,16896.29,6.6,Medium
1036,Employee_36,Finance,58.0,66871.17802129817,4.942097956559867,2018-06-14,69750.79,6.6,Medium
1037,Employee_37,Engineering,34.0,76494.97190703734,5.579289283879897,2018-06-19,48238.46,6.5,Medium
1038,Employee_38,Sales,55.0,53211.55999924564,4.860404190154769,2018-06-23,79513.33,6.5,Medium
1039,Employee_39,HR,43.0,49920.158544425154,7.630505224745949,2018-06-28,27923.36,6.5,High
1040,Employee_40,Engineering,44.0,74170.25945757666,7.509480154153183,2018-07-03,54368.23,6.5,High
1041,Employee_41,Sales,41.0,53996.4366949649,3.1090198739826107,2018-07-07,51689.11,6.5,Low
1042,Employee_42,Engineering,55.0,88113.43327962658,4.881183168454646,2018-07-12,35641.37,6.5,Medium
1043,Employee_43,Sales,53.0,67965.5184280642,6.736989104811843,2018-07-17,61165.76,6.5,Medium
1044,Employee_44,Support,42.0,22861.13711644688,6.5822323948454144,2018-07-21,45195.61,6.5,Medium
1045,Employee_45,Engineering,42.0,77793.69395345531,4.708318284942872,2018-07-26,34586.63,6.4,Medium
1046,Employee_46,HR,32.0,56200.03170377747,6.280098492320159,2018-07-31,-12071.45,6.4,Medium
1047,Employee_47,Engineering,25.0,80410.67315009682,3.785417319926918,2018-08-04,46135.42,6.4,Low
1048,Employee_48,Marketing,22.0,58025.57210340365,3.602084826776664,2018-08-09,20117.35,6.4,Low
1049,Employee_49,Marketing,49.0,60008.3894106861,8.168496504908706,2018-08-14,31739.18,6.4,High
1050,Employee_50,Sales,45.0,56899.07177144041,3.3588487777326157,2018-08-19,24606.71,6.4,Low
1051,Employee_51,Support,56.0,45386.59902825684,9.086388784992124,2018-08-23,34506.53,6.4,High
1052,Employee_52,Finance,34.0,71791.43876166973,7.177299037156099,2018-08-28,46658.2,6.4,High
1053,Employee_53,Support,55.0,35609.47553718624,6.5822323948454144,2018-09-02,45195.61,6.3,Medium
1054,Employee_54,Finance,32.0,78091.3656249613,7.2677712824897105,2018-09-06,50644.62,6.3,High
1055,Employee_55,Marketing,57.0,58621.87176620372,5.552065056308741,2018-09-11,58984.44,6.3,Medium
1056,Employee_56,Support,38.0,46860.43948314623,6.5822323948454144,2018-09-16,34468.06,6.3,Medium
1057,Employee_57,Sales,56.0,85839.12207628401,7.258611072137488,2018-09-20,32821.49,6.3,High
1058,Employee_58,Sales,39.0,41714.74654479974,6.165347241900706,2018-09-25,54365.91,6.3,Medium
1059,Employee_59,Sales,43.0,71662.98722848346,6.782619571061099,2018-09-30,55555.71,6.3,Medium
1060,Employee_60,Engineering,45.0,58087.78371540752,2.978866911117774,2018-10-05,51108.86,6.2,Low
1061,Employee_61,Engineering,40.0,65059.48014097268,3.4471150826559995,2018-10-09,25717.32,6.2,Low
1062,Employee_62,Engineering,58.0,75112.31906774915,3.7792073904487022,2018-10-14,46339.83,6.2,Low
1063,Employee_63,Finance,42.0,55869.65961670077,6.749834078736503,2018-10-19,41642.06,6.2,Medium
1064,Employee_64,Engineering,29.0,92444.4215776662,5.196051160194662,2018-10-23,55787.93,6.2,Medium
1065,Employee_65,Engineering,49.0,93478.1071700216,3.3057506168737905,2018-10-28,31406.92,6.2,Low
1066,Employee_66,Marketing,26.0,56942.14477953163,6.442365237749789,2018-11-02,15000.85,6.2,Medium
1067,Employee_67,Sales,38.0,53201.46439885046,8.181849563826896,2018-11-06,50353.55,6.2,High
1068,Employee_68,Finance,58.0,76333.17713117992,7.476283640325287,2018-11-11,1624.47,6.1,High
1069,Employee_69,Sales,57.0,53996.4366949649,5.594948978739877,2018-11-16,29027.3,6.1,Medium
1070,Employee_70,Support,40.0,29081.53180668289,2.823859016941511,2018-11-20,24652.07,6.1,Low
1071,Employee_71,Finance,48.0,65657.30834520396,5.581463262223933,2018-11-25,24550.98,6.1,Medium
1072,Employee_72,Sales,55.0,54164.92212504388,5.719410289107128,2018-11-30,28764.53,6.1,Medium
1073,Employee_73,Sales,32.0,60823.79195872544,4.837390182465623,2018-12-05,58260.6,6.1,Medium
1074,Employee_74,Finance,33.0,60727.99429271835,6.362955667999724,2018-12-09,52308.33,6.1,Medium
1075,Employee_75,HR,42.0,48929.34589287596,8.716407045889508,2018-12-14,36224.04,6.1,High
1076,Employee_76,HR,32.0,50359.80361432589,6.351414256903721,2018-12-19,57004.35,6.0,Medium
1077,Employee_77,Finance,49.0,61546.35875848564,5.818032248422551,2018-12-23,24065.54,6.0,Medium
1078,Employee_78,Sales,26.0,46260.21820062537,4.157168836780534,2018-12-28,22025.75,6.0,Medium
1079,Employee_79,Engineering,38.0,88116.33425047813,8.15536952117296,2019-01-02,52953.95,6.0,High
1080,Employee_80,Sales,41.0,53435.85824815351,5.80907666219265,2019-01-06,48694.65,6.0,Medium
1081,Employee_81,Finance,33.0,76005.7302330476,5.431841628861124,2019-01-11,33096.05,6.0,Medium
1082,Employee_82,Marketing,27.0,47360.89535226005,5.4635773580904266,2019-01-16,22968.09,6.0,Medium
1083,Employee_83,Engineering,38.0,85791.82166545455,6.497533083142642,2019-01-21,61895.98,6.0,Medium
1084,Employee_84,Sales,40.0,52249.4073813569,6.071293482035199,2019-01-25,14198.46,5.9,Medium
1085,Employee_85,Engineering,47.0,99766.36689748328,8.297548438380051,2019-01-30,31023.61,5.9,High
1086,Employee_86,Engineering,53.0,78715.03470518517,6.011709064079552,2019-02-04,43428.65,5.9,Medium
1087,Employee_87,HR,27.0,52815.82406186104,5.7148784867692495,2019-02-08,67032.47,5.9,Medium
1088,Employee_88,Marketing,57.0,63033.06609045464,6.753441629013067,2019-02-13,45746.5,5.9,Medium
1089,Employee_89,Finance,59.0,89756.76691215968,7.73729399729692,2019-02-18,47204.57,5.9,High
1090,Employee_90,Engineering,32.0,77914.92762832486,3.4511825025204805,2019-02-22,31459.24,5.9,Low
1091,Employee_91,Sales,54.0,47113.20018259007,7.329789601525076,2019-02-27,48527.2,5.8,High
1092,Employee_92,HR,45.0,38751.73181332015,4.986230561623969,2019-03-04,41579.64,5.8,Medium
1093,Employee_93,Finance,44.0,49962.6499351792,4.585147661500815,2019-03-08,16173.03,5.8,Medium
1094,Employee_94,Marketing,36.0,81176.24321115263,8.185876141171551,2019-03-13,51894.02,5.8,High
1095,Employee_95,Finance,48.0,55101.98522861053,6.375847097819898,2019-03-18,54555.9,5.8,Medium
1096,Employee_96,Engineering,32.0,80204.33509134185,4.458969236267965,2019-03-23,52050.48,5.8,Medium
1097,Employee_97,Marketing,38.0,75789.19809938592,7.993812332187825,2019-03-27,40499.92,5.8,High
1098,Employee_98,Engineering,35.0,68962.71543674142,4.107463544602785,2019-04-01,25657.35,5.8,Medium
1099,Employee_99,Sales,48.0,64076.218831448576,9.183170511620412,2019-04-06,5362.24,5.7,High
1100,Employee_100,Sales,39.0,53996.4366949649,3.909894420896288,2019-04-10,42355.8,5.7,Low
1101,Employee_101,Sales,49.0,69960.33683835504,7.107233034476597,2019-04-15,56229.13,5.7,High
1102,Employee_102,Marketing,25.0,33961.4677555097,6.062952436170873,2019-04-20,38681.63,5.7,Medium
1103,Employee_103,Engineering,28.0,68958.36700499205,8.281961793952215,2019-04-24,52241.09,5.7,High
1104,Employee_104,Marketing,56.0,53460.9331804931,3.816315242893981,2019-04-29,38886.84,5.7,Low
1105,Employee_105,Support,30.0,56661.87228207283,7.369637734983007,2019-05-04,56311.96,5.7,High
1106,Employee_106,Sales,29.0,54628.50099236112,4.879059427901357,2019-05-09,53862.43,5.7,Medium
1107,Employee_107,Engineering,41.0,85971.41912536115,5.267409494096077,2019-05-13,33660.5,5.6,Medium
1108,Employee_108,Finance,38.0,86152.5304895766,7.487933275096594,2019-05-18,41838.92,5.6,High
1109,Employee_109,Sales,54.0,80862.87446119687,9.130020379499058,2019-05-23,31960.61,5.6,High
1110,Employee_110,Sales,53.0,63067.08741296527,8.838449214096832,2019-05-27,48100.36,5.6,High
1111,Employee_111,Engineering,29.0,82525.7459627846,3.3208653580997494,2019-06-01,20513.25,5.6,Low
1112,Employee_112,Sales,40.0,49982.283591888736,6.15074101614113,2019-06-06,21666.82,5.6,Medium
1113,Employee_113,Support,59.0,29538.631442912105,7.416171977220888,2019-06-10,55873.11,5.6,High
1114,Employee_114,Finance,24.0,71209.80906704863,3.532524045209521,2019-06-15,54063.4,5.6,Low
1115,Employee_115,Marketing,26.0,40444.88416828407,5.493819449496475,2019-06-20,49504.17,5.5,Medium
1116,Employee_116,Finance,34.0,76622.36386371401,6.327992497055424,2019-06-24,41319.53,5.5,Medium
1117,Employee_117,Finance,52.0,72454.59275308895,7.825157148953655,2019-06-29,4130.88,5.5,High
1118,Employee_118,Sales,37.0,63611.0989575166,5.272098909886117,2019-07-04,38876.86,5.5,Medium
1119,Employee_119,Finance,53.0,64370.227357660784,3.5650831255628788,2019-07-09,46812.75,5.5,Low
1120,Employee_120,Marketing,43.0,66323.24895158148,3.446502809810537,2019-07-13,31979.0,5.5,Low
1121,Employee_121,Finance,50.0,89446.40134199052,8.43689599729268,2019-07-18,29312.59,5.5,High
1122,Employee_122,Finance,43.0,88845.93562313367,8.598370485881714,2019-07-23,61666.31,5.4,High
1123,Employee_123,Engineering,24.0,77954.90530123955,5.851773288555956,2019-07-27,39095.67,5.4,Medium
1124,Employee_124,Sales,31.0,61123.55667498788,5.504955309217249,2019-08-01,46821.93,5.4,Medium
1125,Employee_125,Sales,41.0,53102.782119157615,3.4705702657592625,2019-08-06,51611.97,5.4,Low
1126,Employee_126,Engineering,37.0,99679.11897496424,7.328974142505747,2019-08-10,24978.44,5.4,High
1127,Employee_127,Finance,33.0,74603.36744580125,4.578999448035035,2019-08-15,42898.11,5.4,Medium
1128,Employee_128,Finance,23.0,41563.34308618663,3.5112192171685246,2019-08-20,59794.67,5.4,Low
1129,Employee_129,Sales,45.0,50823.842964437936,4.911346028877818,2019-08-25,67288.35,5.4,Medium
1130,Employee_130,Marketing,56.0,62382.7003547555,5.822832179192322,2019-08-29,40599.05,5.3,Medium
1131,Employee_131,Engineering,51.0,72787.62039409386,4.000820348891721,2019-09-03,36430.85,5.3,Medium
1132,Employee_132,Sales,51.0,61972.26411839183,6.3988013624080455,2019-09-08,44035.36,5.3,Medium
1133,Employee_133,Sales,56.0,36711.81709927564,4.1528634042041945,2019-09-12,43654.56,5.3,Medium
1134,Employee_134,Engineering,40.0,80418.73143099535,6.572996168808602,2019-09-17,60801.37,5.3,Medium
1135,Employee_135,Support,29.0,61095.74303640162,8.35138152280216,2019-09-22,25054.12,5.3,High
1136,Employee_136,Engineering,47.0,79394.66653362878,5.632547340724097,2019-09-26,35801.9,5.3,Medium
1137,Employee_137,Marketing,28.0,66887.6035104201,7.038319678592659,2019-10-01,23242.88,5.3,High
1138,Employee_138,HR,51.0,28957.11538509576,8.124639693693624,2019-10-06,24818.58,5.2,High
1139,Employee_139,Engineering,28.0,114975.7758811817,5.489883908767111,2019-10-10,45648.61,5.2,Medium
1140,Employee_140,Support,24.0,41345.35633815291,3.967065664987487,2019-10-15,45195.61,5.2,Low
1141,Employee_141,Support,22.0,46143.84968337263,7.099689335333944,2019-10-20,30259.12,5.2,High
1142,Employee_142,Engineering,57.0,92148.44155858758,9.027236334201527,2019-10-25,51581.42,5.2,High
1143,Employee_143,Engineering,41.0,97290.8023719763,5.973792275690731,2019-10-29,56673.68,5.2,Medium
1144,Employee_144,Engineering,58.0,71769.84020416587,7.678742773536435,2019-11-03,69020.59,5.2,High
1145,Employee_145,Engineering,22.0,89935.96234996004,6.141448695688237,2019-11-08,41046.2,5.2,Medium
1146,Employee_146,Sales,36.0,47094.77409062372,4.583407781472564,2019-11-12,30403.53,5.1,Medium
1147,Employee_147,Marketing,58.0,39725.31328706076,3.500227081396483,2019-11-17,24962.92,5.1,Low
1148,Employee_148,Marketing,34.0,71845.46640154452,7.536393697407407,2019-11-22,23473.1,5.1,High
1149,Employee_149,Sales,29.0,50773.92419680491,4.4162576081662,2019-11-26,58746.71,5.1,Medium
1150,Employee_150,Engineering,26.0,92910.24510735025,6.267427519518053,2019-12-01,17273.57,5.1,Medium
1151,Employee_151,Support,30.0,47158.14502473671,8.483104789312977,2019-12-06,58266.23,5.1,High
1152,Employee_152,Sales,22.0,50981.77273148664,5.6055862347645045,2019-12-11,26973.38,5.1,Medium
1153,Employee_153,Sales,57.0,78700.32824356937,9.156030624144318,2019-12-15,29721.91,5.1,High
1154,Employee_154,Engineering,56.0,89432.82416845189,4.149825973832985,2019-12-20,37726.67,5.0,Medium
1155,Employee_155,Support,23.0,26304.572187879985,4.2643649574188,2019-12-25,29445.18,5.0,Medium
1156,Employee_156,Sales,44.0,50195.42367780019,5.6055862347645045,2019-12-29,40110.83,5.0,Medium
1157,Employee_157,HR,30.0,49920.158544425154,6.409337706027303,2020-01-03,67200.16,5.0,Medium
1158,Employee_158,Finance,55.0,76391.1413124466,7.489674335197204,2020-01-08,30138.52,5.0,High
1159,Employee_159,Sales,35.0,41946.62877685886,5.460112070252222,2020-01-12,33516.43,5.0,Medium
1160,Employee_160,HR,25.0,61153.79008813723,8.39826459436209,2020-01-17,37550.19,5.0,High
1161,Employee_161,Engineering,51.0,68845.59685354753,3.818510981733681,2020-01-22,48115.85,4.9,Low
1162,Employee_162,Marketing,52.0,73729.62243139702,7.024495252103452,2020-01-26,38681.63,4.9,High
1163,Employee_163,Marketing,59.0,44167.82533035113,4.417187281096772,2020-01-31,60808.86,4.9,Medium
1164,Employee_164,Marketing,32.0,57285.05737189589,6.406767746730276,2020-02-05,57199.36,4.9,Medium
1165,Employee_165,Sales,56.0,67774.8241363204,7.394345276134659,2020-02-10,22218.06,4.9,High
1166,Employee_166,Finance,29.0,71435.26802664483,6.945357341308336,2020-02-14,47814.52,4.9,Medium
1167,Employee_167,Engineering,24.0,88116.33425047813,4.884127603274738,2020-02-19,62805.09,4.9,Medium
1168,Employee_168,Sales,35.0,62423.94351651918,5.036578023146106,2020-02-24,32578.29,4.9,Medium
1169,Employee_169,Sales,34.0,70435.22336085522,5.7153296057559775,2020-02-28,35586.03,4.8,Medium
1170,Employee_170,Marketing,53.0,72746.51821096454,6.279004788748331,2020-03-04,32079.45,4.8,Medium
1171,Employee_171,HR,55.0,44555.0682975627,5.858533021187781,2020-03-09,32393.87,4.8,Medium
1172,Employee_172,Sales,40.0,62595.299605521584,7.441898663061094,2020-03-13,14973.23,4.8,High
1173,Employee_173,Marketing,59.0,41681.37765962705,3.811920833972505,2020-03-18,20075.28,4.8,Low
1174,Employee_174,Sales,37.0,54305.141111946585,3.563728109044701,2020-03-23,41162.11,4.8,Low
1175,Employee_175,Marketing,23.0,69821.81681566247,9.724705585593307,2020-03-27,62703.97,4.8,High
1176,Employee_176,Sales,38.0,56606.171850952,5.6055862347645045,2020-04-01,30799.59,4.8,Medium
1177,Employee_177,HR,55.0,55359.67677820503,5.898528579684684,2020-04-06,30358.64,4.7,Medium
1178,Employee_178,Engineering,37.0,87440.7314884105,6.095200892967017,2020-04-11,65522.82,4.7,Medium
1179,Employee_179,Support,59.0,58548.83325042171,7.054400123730655,2020-04-15,23376.14,4.7,High
1180,Employee_180,Sales,23.0,54035.01071549209,5.949424777020751,2020-04-20,15081.35,4.7,Medium
1181,Employee_181,Engineering,23.0,84414.59781115135,5.143467067636879,2020-04-25,27572.27,4.7,Medium
1182,Employee_182,Sales,47.0,65638.20895082864,7.227868871926621,2020-04-29,30058.23,4.7,High
1183,Employee_183,Support,34.0,28138.08093162648,4.499023237195381,2020-05-04,13788.2,4.7,Medium
1184,Employee_184,Finance,52.0,76012.40012220814,8.05007412696559,2020-05-09,38079.37,4.7,High
1185,Employee_185,Engineering,55.0,77490.18150927433,6.227170584847949,2020-05-13,54226.7,4.6,Medium
1186,Employee_186,HR,24.0,65335.12195085798,7.66614726746514,2020-05-18,20710.68,4.6,High
1187,Employee_187,Finance,29.0,66867.67296103845,5.082699057967037,2020-05-23,41313.67,4.6,Medium
1188,Employee_188,Marketing,44.0,61619.81664983626,5.726458726858319,2020-05-28,45939.04,4.6,Medium
1189,Employee_189,Marketing,35.0,64950.84475972947,4.465673025023376,2020-06-01,38749.24,4.6,Medium
1190,Employee_190,Sales,48.0,31843.78484423011,4.312665157123162,2020-06-06,42785.39,4.6,Medium
1191,Employee_191,Sales,50.0,47192.98190131772,4.05478522053144,2020-06-11,42959.91,4.6,Medium
1192,Employee_192,Finance,22.0,82522.55091143864,6.155058092864095,2020-06-15,27809.08,4.6,Medium
1193,Employee_193,Support,38.0,55413.18029005066,6.596462737893542,2020-06-20,62478.74,4.5,Medium
1194,Employee_194,Marketing,51.0,63396.386464742594,6.425565175797776,2020-06-25,58716.35,4.5,Medium
1195,Employee_195,Engineering,34.0,73806.43714289372,4.852602066119654,2020-06-29,57848.67,4.5,Medium
1196,Employee_196,Engineering,42.0,97026.04153030294,6.647670459592259,2020-07-04,55205.14,4.5,Medium
1197,Employee_197,HR,40.0,58560.79508246535,10.0,2020-07-09,16375.31,4.5,High
1198,Employee_198,Finance,40.0,70564.20655748494,5.57799990128551,2020-07-13,53890.94,4.5,Medium
1199,Employee_199,Finance,46.0,84678.05140709749,5.758283018289885,2020-07-18,49834.02,4.5,Medium
1200,Employee_200,Finance,43.0,61798.81851843852,6.38448062528009,2020-07-23,16952.15,4.4,Medium
1201,Employee_201,Marketing,52.0,53881.7090700003,1.9055075030962836,2020-07-28,38681.63,4.4,Low
1202,Employee_202,Sales,38.0,25184.661050970222,4.605168232914911,2020-08-01,44151.9,4.4,Medium
1203,Employee_203,Sales,44.0,66037.93012177196,5.994327151149246,2020-08-06,64964.76,4.4,Medium
1204,Employee_204,Finance,53.0,73766.34356164161,4.699847279027939,2020-08-11,50870.86,4.4,Medium
1205,Employee_205,Marketing,31.0,39818.15609840125,5.752544310387313,2020-08-15,27031.51,4.4,Medium
1206,Employee_206,Sales,31.0,33896.81200007023,5.025823227672201,2020-08-20,65430.83,4.4,Medium
1207,Employee_207,Sales,57.0,44528.43247154787,2.772808262336068,2020-08-25,40656.7,4.4,Low
1208,Employee_208,HR,29.0,59523.89530376424,5.506400483399555,2020-08-29,36162.38,4.3,Medium
1209,Employee_209,Sales,41.0,51395.674142936456,1.487376899357736,2020-09-03,35093.23,4.3,Low
1210,Employee_210,Sales,53.0,45342.5570000761,5.957031821204059,2020-09-08,15646.67,4.3,Medium
1211,Employee_211,Marketing,35.0,47926.60928299805,5.821279591810138,2020-09-13,38353.46,4.3,Medium
1212,Employee_212,HR,49.0,37389.05650606176,4.179529984552578,2020-09-17,47462.28,4.3,Medium
1213,Employee_213,HR,45.0,26795.86038670928,5.649962086860154,2020-09-22,34219.25,4.3,Medium
1214,Employee_214,Sales,36.0,40511.250020243504,3.3518145693298917,2020-09-27,46306.79,4.3,Low
1215,Employee_215,HR,43.0,37153.06304387399,3.90787761329121,2020-10-01,27034.13,4.3,Low
1216,Employee_216,Sales,51.0,63191.47883748575,7.035359638448134,2020-10-06,37886.08,4.2,High
1217,Employee_217,Engineering,25.0,88011.32336224063,4.8675660356676165,2020-10-11,44748.1,4.2,Medium
1218,Employee_218,HR,34.0,40092.98188379047,5.410663659885857,2020-10-15,42844.91,4.2,Medium
1219,Employee_219,Marketing,44.0,87716.67306487424,6.540360112104198,2020-10-20,15918.02,4.2,Medium
1220,Employee_220,Finance,29.0,62033.23703744001,4.985265117423224,2020-10-25,33414.91,4.2,Medium
1221,Employee_221,HR,39.0,64005.234972603634,6.149425424697692,2020-10-29,65161.94,4.2,Medium
1222,Employee_222,Marketing,33.0,79453.30269345258,5.912529998845363,2020-11-03,32613.31,4.2,Medium
1223,Employee_223,Sales,52.0,36160.47594811188,5.511698368945781,2020-11-08,40237.11,4.2,Medium
1224,Employee_224,Engineering,35.0,90887.55556888282,5.102485048313217,2020-11-13,38698.66,4.1,Medium
1225,Employee_225,Engineering,41.0,83789.59618910131,5.713009880148469,2020-11-17,63523.6,4.1,Medium
1226,Employee_226,Sales,39.0,47812.90724128797,4.547547840002793,2020-11-22,59355.52,4.1,Medium
1227,Employee_227,Support,41.0,51664.521801682895,4.031778150507456,2020-11-27,52112.96,4.1,Medium
1228,Employee_228,Engineering,32.0,82525.5540429206,6.095200892967017,2020-12-01,25401.37,4.1,Medium
1229,Employee_229,Finance,33.0,64048.37144408235,6.451709049847231,2020-12-06,45387.75,4.1,Medium
1230,Employee_230,Marketing,36.0,57982.62125249648,9.332154165821333,2020-12-11,48519.13,4.1,High
1231,Employee_231,Finance,41.0,65519.20877948117,4.210001178976671,2020-12-15,29520.93,4.0,Medium
1232,Employee_232,Marketing,50.0,45917.157515854495,4.982417144794678,2020-12-20,26942.24,4.0,Medium
1233,Employee_233,Marketing,47.0,69550.87805816969,6.284782681624776,2020-12-25,65575.21,4.0,Medium
1234,Employee_234,Engineering,39.0,102582.3712620912,8.113172720527757,2020-12-30,35487.95,4.0,High
1235,Employee_235,Sales,53.0,59123.42307442261,5.445509312522217,2021-01-03,64224.65,4.0,Medium
1236,Employee_236,HR,43.0,45481.36818773281,4.0175056281228585,2021-01-08,54956.41,4.0,Medium
1237,Employee_237,Engineering,59.0,81537.47116404262,7.388587520893635,2021-01-13,46118.15,4.0,High
1238,Employee_238,Sales,38.0,46556.55924488264,5.102852918352291,2021-01-17,46787.97,4.0,Medium
1239,Employee_239,Marketing,41.0,88288.51638039251,8.73239108360869,2021-01-22,18993.71,3.9,High
1240,Employee_240,Sales,45.0,66254.05961879973,7.706000582128304,2021-01-27,43101.62,3.9,High
1241,Employee_241,Support,29.0,34918.67905699994,5.451098241996547,2021-01-31,61255.31,3.9,Medium
1242,Employee_242,Support,27.0,46976.37392924569,5.837348138910163,2021-02-05,50220.09,3.9,Medium
1243,Employee_243,Support,26.0,40649.57969880765,5.195131775445676,2021-02-10,42315.05,3.9,Medium
1244,Employee_244,Engineering,50.0,97005.60451387549,6.32749053253879,2021-02-14,65679.06,3.9,Medium
1245,Employee_245,Sales,49.0,61521.9892334721,7.620749800929552,2021-02-19,37224.39,3.9,High
1246,Employee_246,Support,32.0,58003.31584686565,5.4555055207539125,2021-02-24,30706.66,3.9,Medium
1247,Employee_247,Engineering,22.0,79793.32249605365,5.652934570116363,2021-03-01,42307.48,3.8,Medium
1248,Employee_248,Support,40.0,46256.82358365757,4.384894036884667,2021-03-05,51497.01,3.8,Medium
1249,Employee_249,Support,41.0,24017.436180509685,3.459712459462195,2021-03-10,14233.09,3.8,Low
1250,Employee_250,Finance,41.0,54911.91639485386,5.199187324009257,2021-03-15,44273.03,3.8,Medium
1251,Employee_251,Engineering,55.0,100609.21003871015,3.59022348949476,2021-03-19,52155.18,3.8,Low
1252,Employee_252,Engineering,25.0,78591.79450313607,8.520427650080881,2021-03-24,35955.38,3.8,High
1253,Employee_253,Finance,57.0,59909.09442342574,3.705864788805932,2021-03-29,56604.47,3.8,Low
1254,Employee_254,Engineering,39.0,89900.6631053994,5.934900386285141,2021-04-02,49617.8,3.8,Medium
1255,Employee_255,Sales,36.0,63337.13237015848,8.16918320123322,2021-04-07,72120.75,3.7,High
1256,Employee_256,Marketing,34.0,47270.07844999085,4.069145914373794,2021-04-12,28740.96,3.7,Medium
1257,Employee_257,Support,40.0,20000.0,1.2959545156829253,2021-04-17,52460.65,3.7,Low
1258,Employee_258,HR,27.0,39557.32109427786,4.810447414526886,2021-04-21,24740.14,3.7,Medium
1259,Employee_259,Marketing,41.0,61079.473777521474,5.411146276657524,2021-04-26,15769.5,3.7,Medium
1260,Employee_260,Sales,58.0,59117.62061220248,2.7913207677221203,2021-05-01,9467.04,3.7,Low
1261,Employee_261,Marketing,38.0,75886.49764544657,7.221659721130627,2021-05-05,48074.86,3.7,High
1262,Employee_262,Support,44.0,31418.206294407653,5.63155110806981,2021-05-10,42763.72,3.6,Medium
1263,Employee_263,Sales,47.0,35327.24478803133,6.729851921209094,2021-05-15,32814.23,3.6,Medium
1264,Employee_264,Marketing,50.0,65550.58263177049,4.596295583307944,2021-05-19,13397.43,3.6,Medium
1265,Employee_265,Finance,41.0,72880.27285222056,3.7453089129405086,2021-05-24,29644.2,3.6,Low
1266,Employee_266,HR,48.0,53666.6518445271,5.57324796765648,2021-05-29,36193.21,3.6,Medium
1267,Employee_267,HR,46.0,61195.95971180682,6.427283997076699,2021-06-02,51897.54,3.6,Medium
1268,Employee_268,HR,31.0,55060.21908694712,7.6350353588271,2021-06-07,39751.96,3.6,High
1269,Employee_269,Engineering,44.0,94867.41111768456,8.359222563391965,2021-06-12,43780.91,3.6,High
1270,Employee_270,Engineering,42.0,98580.08416561368,8.250722909141704,2021-06-17,34358.01,3.5,High
1271,Employee_271,Finance,42.0,76028.99958624433,6.7162654796512165,2021-06-21,66238.36,3.5,Medium
1272,Employee_272,Finance,34.0,80289.35118060886,7.7137164392866655,2021-06-26,24726.26,3.5,High
1273,Employee_273,Finance,58.0,82102.24989734298,5.644372342713373,2021-07-01,29511.43,3.5,Medium
1274,Employee_274,Support,54.0,63380.26561489098,7.171606069457419,2021-07-05,32614.63,3.5,High
1275,Employee_275,Marketing,45.0,52209.70410115585,3.823549996126084,2021-07-10,48140.57,3.5,Low
1276,Employee_276,Marketing,32.0,65766.74528892897,6.382365359776758,2021-07-15,24417.1,3.5,Medium
1277,Employee_277,Finance,38.0,65556.11957683244,5.910776024938641,2021-07-19,42035.78,3.5,Medium
1278,Employee_278,Marketing,25.0,49997.2921526488,8.083057516159894,2021-07-24,42473.65,3.4,High
1279,Employee_279,HR,46.0,41725.51614703561,5.242801515116411,2021-07-29,29584.63,3.4,Medium
1280,Employee_280,Finance,51.0,75939.4662107383,6.432037567016844,2021-08-03,41838.92,3.4,Medium
1281,Employee_281,Finance,41.0,75019.030657432,6.606393656439664,2021-08-07,41838.92,3.4,Medium
1282,Employee_282,Engineering,42.0,94804.94435086125,5.558016743710383,2021-08-12,23243.89,3.4,Medium
1283,Employee_283,Engineering,41.0,87291.436229168,4.6608327116409285,2021-08-17,41494.09,3.4,Medium
1284,Employee_284,Sales,40.0,55040.977014140924,7.950265837977625,2021-08-21,15103.67,3.4,High
1285,Employee_285,Marketing,40.0,69813.0323505126,5.019275453085184,2021-08-26,7827.96,3.4,Medium
1286,Employee_286,Sales,33.0,53996.4366949649,3.1144870566795078,2021-08-31,47992.5,3.3,Low
1287,Employee_287,Engineering,58.0,90295.705181143,7.035183328000372,2021-09-04,55734.55,3.3,High
1288,Employee_288,Marketing,38.0,61079.473777521474,7.790695951912088,2021-09-09,32997.95,3.3,High
1289,Employee_289,Engineering,58.0,99039.6512289318,5.774868075045632,2021-09-14,29978.94,3.3,Medium
1290,Employee_290,Marketing,49.0,43797.0190566861,4.535770721359485,2021-09-18,38681.63,3.3,Medium
1291,Employee_291,Sales,56.0,72941.60494620894,7.320895536470636,2021-09-23,22816.93,3.3,High
1292,Employee_292,Sales,39.0,57563.56509314212,5.066399239542331,2021-09-28,19549.41,3.3,Medium
1293,Employee_293,Finance,35.0,73198.96656033924,4.9873795470990085,2021-10-03,50614.55,3.2,Medium
1294,Employee_294,Engineering,56.0,85183.44291201328,7.078561027580212,2021-10-07,40135.57,3.2,High
1295,Employee_295,Sales,28.0,61456.26825756213,7.233510064053535,2021-10-12,55973.15,3.2,High
1296,Employee_296,Marketing,34.0,60575.448603397264,7.995510759647021,2021-10-17,7896.01,3.2,High
1297,Employee_297,Finance,39.0,84507.78332927759,4.846505647915636,2021-10-21,18989.89,3.2,Medium
1298,Employee_298,Sales,58.0,37702.06902323662,4.381409720795905,2021-10-26,40214.98,3.2,Medium
1299,Employee_299,Marketing,34.0,62106.5499586861,6.527096841338484,2021-10-31,38681.63,3.2,Medium
1300,Employee_300,Sales,57.0,59902.14818052911,4.856676134364905,2021-11-04,52704.96,3.2,Medium
1301,Employee_301,Sales,52.0,52763.5312676429,6.850707719114119,2021-11-09,42622.27,3.1,Medium
1302,Employee_302,Marketing,41.0,55144.01012031545,6.062952436170873,2021-11-14,42469.83,3.1,Medium
1303,Employee_303,Marketing,37.0,55644.51265237551,4.907188674277753,2021-11-19,34158.98,3.1,Medium
1304,Employee_304,Marketing,30.0,62095.67123241394,6.162671471961247,2021-11-23,63863.57,3.1,Medium
1305,Employee_305,HR,30.0,28280.49318823153,7.097452694533251,2021-11-28,23454.65,3.1,High
1306,Employee_306,Support,59.0,56580.17953275876,9.277916339166438,2021-12-03,45385.3,3.1,High
1307,Employee_307,Marketing,32.0,54238.41758764979,6.830622755973096,2021-12-07,25182.87,3.1,Medium
1308,Employee_308,Engineering,43.0,91533.6323684014,6.966825378210483,2021-12-12,48021.68,3.1,Medium
1309,Employee_309,Finance,54.0,74405.2272014568,4.939656558045472,2021-12-17,24444.74,3.0,Medium
1310,Employee_310,Engineering,57.0,83690.33535224452,6.223330868298988,2021-12-21,51157.24,3.0,Medium
1311,Employee_311,Engineering,44.0,88427.53911601205,6.7566082169631,2021-12-26,41681.57,3.0,Medium
1312,Employee_312,Sales,55.0,30577.117112493957,4.463300617783129,2021-12-31,66169.59,3.0,Medium
1313,Employee_313,Sales,30.0,63785.48328799686,5.54710978256635,2022-01-04,35784.71,3.0,Medium
1314,Employee_314,Support,45.0,57960.82800386597,4.726094889978016,2022-01-09,46374.49,3.0,Medium
1315,Employee_315,Finance,29.0,49588.07737673496,2.3728092362598097,2022-01-14,28305.16,3.0,Low
1316,Employee_316,HR,28.0,45122.085479644855,2.834279004000498,2022-01-19,35681.6,3.0,Low
1317,Employee_317,Engineering,57.0,75241.56746111023,6.131242232356404,2022-01-23,41586.24,2.9,Medium
1318,Employee_318,Sales,39.0,52867.11614215113,6.114904794947722,2022-01-28,17091.7,2.9,Medium
1319,Employee_319,Sales,24.0,62783.63601665153,5.663465103520931,2022-02-02,18735.64,2.9,Medium
1320,Employee_320,Engineering,49.0,101847.7067910795,6.095200892967017,2022-02-06,48997.89,2.9,Medium
1321,Employee_321,Marketing,41.0,73462.23827312217,6.988817725951836,2022-02-11,37808.7,2.9,Medium
1322,Employee_322,HR,42.0,65726.52589630656,6.539481688302437,2022-02-16,31106.1,2.9,Medium
1323,Employee_323,HR,49.0,47331.04665853321,3.855722562920919,2022-02-20,28945.21,2.9,Low
1324,Employee_324,Engineering,22.0,76236.49645519874,6.681325153171387,2022-02-25,29522.67,2.9,Medium
1325,Employee_325,Support,57.0,43624.916396304376,6.3874350758199325,2022-03-02,41688.26,2.8,Medium
1326,Employee_326,HR,42.0,57599.21002764291,6.778808221102918,2022-03-07,46675.54,2.8,Medium
1327,Employee_327,Marketing,56.0,45272.88262894971,6.519988186485044,2022-03-11,8618.39,2.8,Medium
1328,Employee_328,Marketing,34.0,79921.6434413789,5.775614137979433,2022-03-16,61192.51,2.8,Medium
1329,Employee_329,Engineering,31.0,100774.6624651241,8.359330279844968,2022-03-21,60125.51,2.8,High
1330,Employee_330,Sales,31.0,52521.19397882405,5.665995421027845,2022-03-25,5040.18,2.8,Medium
1331,Employee_331,Engineering,34.0,88116.33425047813,6.906375162249568,2022-03-30,56288.9,2.8,Medium
1332,Employee_332,Finance,58.0,61970.54702664828,6.700200901563896,2022-04-04,55828.28,2.7,Medium
1333,Employee_333,Sales,59.0,55890.47456560186,4.486320986276259,2022-04-08,40006.68,2.7,Medium
1334,Employee_334,Sales,45.0,52247.16876723577,6.616709045732993,2022-04-13,20542.47,2.7,Medium
1335,Employee_335,Sales,23.0,66406.0330633915,7.059713659439603,2022-04-18,55228.42,2.7,High
1336,Employee_336,Sales,43.0,50884.29006036845,5.839681989259936,2022-04-22,36381.53,2.7,Medium
1337,Employee_337,Finance,38.0,76066.0217273379,6.161743461313822,2022-04-27,48233.18,2.7,Medium
1338,Employee_338,HR,57.0,49652.90138990156,5.85380519491839,2022-05-02,73288.02,2.7,Medium
1339,Employee_339,Engineering,35.0,93236.03228876484,7.380835752904235,2022-05-07,43777.55,2.7,High
1340,Employee_340,Sales,31.0,52239.32277284341,6.728831909329435,2022-05-11,26246.73,2.6,Medium
1341,Employee_341,Engineering,56.0,98492.58649499544,6.470347600148269,2022-05-16,34964.04,2.6,Medium
1342,Employee_342,Engineering,46.0,88116.33425047813,4.195619828466985,2022-05-21,28158.32,2.6,Medium
1343,Employee_343,Sales,24.0,60519.14830986573,7.017622536618715,2022-05-25,46502.35,2.6,High
1344,Employee_344,Engineering,59.0,97290.17192579406,7.449929025056372,2022-05-30,27908.99,2.6,High
1345,Employee_345,Engineering,38.0,78667.57466948337,8.883993861644623,2022-06-04,32907.23,2.6,High
1346,Employee_346,Marketing,33.0,63878.94915490775,7.807097052402945,2022-06-08,20733.54,2.6,High
1347,Employee_347,Marketing,45.0,74990.4212098504,3.900756478619319,2022-06-13,38018.69,2.6,Low
1348,Employee_348,Sales,50.0,60896.85480423397,6.412486838739662,2022-06-18,42651.32,2.5,Medium
1349,Employee_349,Engineering,46.0,77631.38996638171,8.098632041316558,2022-06-22,-271.82,2.5,High
1350,Employee_350,Marketing,57.0,59402.80188421098,6.905463379563005,2022-06-27,43893.6,2.5,Medium
1351,Employee_351,Marketing,47.0,64499.73526007651,6.062952436170873,2022-07-02,39314.5,2.5,Medium
1352,Employee_352,Finance,59.0,72454.59275308895,6.8959032782338685,2022-07-07,28525.12,2.5,Medium
1353,Employee_353,HR,22.0,33700.745639319764,4.251469989479784,2022-07-11,70429.43,2.5,Medium
1354,Employee_354,Sales,41.0,51206.82557876168,6.527476273879268,2022-07-16,54377.15,2.5,Medium
1355,Employee_355,Sales,49.0,46110.01110438757,5.179798496731513,2022-07-21,23553.96,2.5,Medium
1356,Employee_356,Marketing,37.0,59828.53162332038,5.961991352450307,2022-07-25,52573.55,2.4,Medium
1357,Employee_357,Sales,38.0,35903.144230044534,6.287838985044887,2022-07-30,40110.83,2.4,Medium
1358,Employee_358,Marketing,49.0,66776.41275043387,4.948750983783421,2022-08-04,41980.31,2.4,Medium
1359,Employee_359,Support,33.0,37384.73957647972,7.551210689526894,2022-08-08,45421.63,2.4,High
1360,Employee_360,Marketing,48.0,71949.02684017627,5.963233400380499,2022-08-13,45075.2,2.4,Medium
1361,Employee_361,Engineering,51.0,88116.33425047813,6.224854945847784,2022-08-18,8712.76,2.4,Medium
1362,Employee_362,Marketing,55.0,59695.33144338615,3.8840046317568935,2022-08-23,37196.96,2.4,Low
1363,Employee_363,Engineering,58.0,87923.58145563699,6.975935009088935,2022-08-27,36416.31,2.4,Medium
1364,Employee_364,Marketing,27.0,51742.083718796726,7.756860089859702,2022-09-01,61452.33,2.3,High
1365,Employee_365,Support,28.0,74667.35354727192,6.711405353536375,2022-09-06,45005.92,2.3,Medium
1366,Employee_366,Engineering,53.0,84049.60586391258,4.037145213431229,2022-09-10,35535.84,2.3,Medium
1367,Employee_367,Support,53.0,57282.258269587925,7.031087510593459,2022-09-15,45195.61,2.3,High
1368,Employee_368,Support,46.0,31876.45264723926,7.526038599849577,2022-09-20,55350.78,2.3,High
1369,Employee_369,Sales,54.0,59465.57669311793,4.048493986434538,2022-09-24,37231.23,2.3,Medium
1370,Employee_370,Sales,28.0,60746.465967182026,4.627861026516589,2022-09-29,29527.07,2.3,Medium
1371,Employee_371,Sales,33.0,54709.87627482245,5.304209476273849,2022-10-04,35864.47,2.2,Medium
1372,Employee_372,Sales,37.0,48147.943364325125,4.426881431420213,2022-10-08,54110.44,2.2,Medium
1373,Employee_373,Sales,37.0,51840.13716863244,4.6162286585181285,2022-10-13,47442.47,2.2,Medium
1374,Employee_374,HR,57.0,45160.52597632256,2.6168453573204618,2022-10-18,40664.02,2.2,Low
1375,Employee_375,Sales,34.0,83824.31538202547,8.324801190210074,2022-10-23,42873.09,2.2,High
1376,Employee_376,Engineering,28.0,89728.76292666217,6.494518900637561,2022-10-27,31603.86,2.2,Medium
1377,Employee_377,Finance,57.0,76298.66534396741,3.766659467492903,2022-11-01,37090.76,2.2,Low
1378,Employee_378,Sales,30.0,76379.5010851044,9.25476869418959,2022-11-06,30050.44,2.2,High
1379,Employee_379,Finance,53.0,59484.17598430983,7.995847271611222,2022-11-10,35578.31,2.1,High
1380,Employee_380,Engineering,32.0,90451.92279801524,4.896237815230591,2022-11-15,60192.67,2.1,Medium
1381,Employee_381,Sales,29.0,51769.76641982333,7.588311207456676,2022-11-20,23831.92,2.1,High
1382,Employee_382,HR,54.0,48966.33865419963,5.088820225223563,2022-11-24,29669.24,2.1,Medium
1383,Employee_383,Marketing,44.0,57851.85639459018,6.062952436170873,2022-11-29,21185.52,2.1,Medium
1384,Employee_384,Finance,46.0,72454.59275308895,4.307230546090507,2022-12-04,41838.92,2.1,Medium
1385,Employee_385,HR,29.0,52344.9234199596,9.438623456191394,2022-12-09,37198.42,2.1,High
1386,Employee_386,Finance,43.0,57248.40667100679,4.9183944925554925,2022-12-13,30735.86,2.1,Medium
1387,Employee_387,Engineering,25.0,101866.59284770822,6.783003176620605,2022-12-18,66425.33,2.0,Medium
1388,Employee_388,Sales,24.0,62479.71767985525,5.342079802797022,2022-12-23,35757.3,2.0,Medium
1389,Employee_389,Finance,50.0,64078.44620363181,8.495895706036181,2022-12-27,59340.95,2.0,High
1390,Employee_390,Finance,50.0,64660.20014351368,8.5629319763098,2023-01-01,54520.1,2.0,High
1391,Employee_391,Support,55.0,48306.12674817904,8.611700109303362,2023-01-06,36865.69,2.0,High
1392,Employee_392,Engineering,55.0,80417.45621272581,6.955533333157723,2023-01-10,71652.03,2.0,Medium
1393,Employee_393,Engineering,49.0,111743.76148961844,6.095200892967017,2023-01-15,44028.01,2.0,Medium
1394,Employee_394,Finance,34.0,74295.10874430122,7.456530581158688,2023-01-20,62695.14,2.0,High
1395,Employee_395,Engineering,36.0,94719.15781660411,6.225393692443103,2023-01-24,60948.95,1.9,Medium
1396,Employee_396,Support,44.0,53177.34096428743,8.37747998082832,2023-01-29,46219.72,1.9,High
1397,Employee_397,Finance,47.0,63046.44071115916,7.326175115606,2023-02-03,51266.96,1.9,High
1398,Employee_398,Engineering,25.0,103068.11978141728,5.679507621956978,2023-02-08,49361.07,1.9,Medium
1399,Employee_399,Finance,47.0,71374.40039458557,7.490458723985103,2023-02-12,22836.08,1.9,High
1400,Employee_400,Finance,30.0,81401.74565198598,7.593138957665189,2023-02-17,40859.36,1.9,High
1401,Employee_401,Sales,26.0,53996.4366949649,1.7208838296888285,2023-02-22,56113.71,1.9,Low
1402,Employee_402,Support,53.0,60807.33872077423,7.991771895482905,2023-02-26,62892.79,1.8,High
1403,Employee_403,Marketing,41.0,64816.12352429748,5.593112493254565,2023-03-03,29190.4,1.8,Medium
1404,Employee_404,Finance,32.0,96190.08429012504,5.980440533008742,2023-03-08,47932.47,1.8,Medium
1405,Employee_405,Engineering,36.0,85565.74059813324,4.513396123466048,2023-03-12,42263.05,1.8,Medium
1406,Employee_406,Finance,53.0,72454.59275308895,5.9198652942064,2023-03-17,38231.89,1.8,Medium
1407,Employee_407,Engineering,49.0,77621.0850375581,6.10114362200793,2023-03-22,45340.04,1.8,Medium
1408,Employee_408,Sales,43.0,48648.42114944536,3.634228024183998,2023-03-27,43269.96,1.8,Low
1409,Employee_409,Support,38.0,52424.23857417487,6.65598368302744,2023-03-31,48121.11,1.8,Medium
1410,Employee_410,Sales,47.0,68551.89325047401,7.542731761813309,2023-04-05,61625.75,1.7,High
1411,Employee_411,Engineering,28.0,125580.12422064866,10.0,2023-04-10,51761.91,1.7,High
1412,Employee_412,Support,47.0,43840.45312052135,4.326987402188372,2023-04-14,44658.87,1.7,Medium
1413,Employee_413,Support,46.0,33801.43910825283,4.915653675245935,2023-04-19,67969.38,1.7,Medium
1414,Employee_414,Marketing,31.0,69039.9091245269,6.844489915271064,2023-04-24,56648.94,1.7,Medium
1415,Employee_415,Marketing,40.0,46466.07335398433,7.044417662986625,2023-04-28,38614.02,1.7,High
1416,Employee_416,Engineering,32.0,96771.32865632084,5.882230611058321,2023-05-03,21743.19,1.7,Medium
1417,Employee_417,Engineering,34.0,83972.93140567052,7.496608628270103,2023-05-08,25182.54,1.7,High
1418,Employee_418,Engineering,29.0,92539.13964456473,3.2209135075135467,2023-05-12,53998.49,1.6,Low
1419,Employee_419,HR,25.0,49920.158544425154,4.774605371615971,2023-05-17,36193.21,1.6,Medium
1420,Employee_420,Finance,52.0,68671.19885103164,6.456526459052913,2023-05-22,24879.17,1.6,Medium
1421,Employee_421,Finance,49.0,81194.54901194345,4.44349070346536,2023-05-27,28628.72,1.6,Medium
1422,Employee_422,Finance,32.0,80477.9025834298,4.762189339021415,2023-05-31,29689.24,1.6,Medium
1423,Employee_423,Sales,22.0,32628.021660290862,4.089735786645634,2023-06-05,52759.72,1.6,Medium
1424,Employee_424,Engineering,59.0,79180.79104757313,6.616198040252392,2023-06-10,37648.87,1.6,Medium
1425,Employee_425,Sales,45.0,36258.31766325434,2.2189686212017827,2023-06-14,19414.38,1.6,Low
1426,Employee_426,Marketing,52.0,84020.84523036162,7.456489804761673,2023-06-19,40465.67,1.5,High
1427,Employee_427,Engineering,47.0,88735.29689475209,7.486210765466813,2023-06-24,43333.99,1.5,High
1428,Employee_428,Finance,26.0,91369.9505555997,6.776079715136548,2023-06-28,32809.95,1.5,Medium
1429,Employee_429,Engineering,41.0,88116.33425047813,4.466983287285999,2023-07-03,57338.28,1.5,Medium
1430,Employee_430,Sales,32.0,48126.77890541769,6.258995869108745,2023-07-08,33685.92,1.5,Medium
1431,Employee_431,Sales,41.0,64605.97890119167,6.192132365977424,2023-07-13,56625.07,1.5,Medium
1432,Employee_432,Finance,59.0,72151.2952531202,8.19331443451713,2023-07-17,48951.74,1.5,High
1433,Employee_433,Marketing,48.0,66394.3187137615,4.652596417486422,2023-07-22,53899.08,1.4,Medium
1434,Employee_434,Sales,41.0,39954.30119448091,5.170248826976418,2023-07-27,23521.74,1.4,Medium
1435,Employee_435,Sales,36.0,71521.64191454716,7.134611658168384,2023-07-31,41474.65,1.4,High
1436,Employee_436,HR,53.0,59324.19314908747,5.898528579684684,2023-08-05,39207.58,1.4,Medium
1437,Employee_437,Sales,42.0,59819.50606589768,1.9340513088586928,2023-08-10,18669.9,1.4,Low
1438,Employee_438,Finance,26.0,61772.67662701831,5.3472764692771255,2023-08-14,56575.91,1.4,Medium
1439,Employee_439,HR,27.0,49920.158544425154,7.544545556932267,2023-08-19,27738.99,1.4,High
1440,Employee_440,Sales,59.0,51502.12025207812,6.992269791792932,2023-08-24,30856.48,1.4,Medium
1441,Employee_441,Sales,43.0,35194.10547954686,5.541872997232643,2023-08-28,24800.26,1.3,Medium
1442,Employee_442,Support,39.0,44394.92577934215,4.322952751443273,2023-09-02,50517.79,1.3,Medium
1443,Employee_443,Engineering,35.0,88119.23522132968,6.49892595475421,2023-09-07,17111.05,1.3,Medium
1444,Employee_444,Engineering,31.0,102748.81811850144,5.777284173611715,2023-09-12,49268.12,1.3,Medium
1445,Employee_445,Finance,34.0,43186.88269222957,5.189568493534479,2023-09-16,55667.71,1.3,Medium
1446,Employee_446,Support,52.0,47822.39794625641,6.323377414415393,2023-09-21,48057.68,1.3,Medium
1447,Employee_447,Support,51.0,31133.183422731392,3.842096264211512,2023-09-26,50689.43,1.3,Low
1448,Employee_448,Finance,24.0,73830.68010634655,4.852850246281973,2023-09-30,51393.2,1.3,Medium
1449,Employee_449,Engineering,51.0,94491.36066692768,6.757101714978659,2023-10-05,25758.64,1.2,Medium
1450,Employee_450,Sales,27.0,53957.862674437696,5.616223490789132,2023-10-10,61521.02,1.2,Medium
1451,Employee_451,Finance,50.0,79687.517497733,5.223953728900957,2023-10-14,33098.86,1.2,Medium
1452,Employee_452,Marketing,29.0,45050.80729080361,3.8682950799499314,2023-10-19,39004.19,1.2,Low
1453,Employee_453,Engineering,54.0,103292.6454033804,6.208885998189697,2023-10-24,43570.665,1.2,Medium
1454,Employee_454,Support,38.0,36503.05360567031,7.92730987236083,2023-10-29,47373.13,1.2,High
1455,Employee_455,Sales,32.0,36329.21619412125,4.277343761388124,2023-11-02,31929.44,1.2,Medium
1456,Employee_456,Engineering,34.0,86731.2483540023,5.815533110313732,2023-11-07,41003.74,1.2,Medium
1457,Employee_457,Sales,32.0,29858.109727840176,4.895371917926274,2023-11-12,21469.84,1.1,Medium
1458,Employee_458,Engineering,52.0,93050.08670695442,4.455964748109807,2023-11-16,57469.98,1.1,Medium
1459,Employee_459,Sales,49.0,51888.994689037296,3.200201008687822,2023-11-21,50061.11,1.1,Low
1460,Employee_460,Sales,27.0,69804.24305651244,5.200251050722025,2023-11-26,35616.1,1.1,Medium
1461,Employee_461,Sales,37.0,62787.09052608395,6.759970593013652,2023-11-30,32962.76,1.1,Medium
1462,Employee_462,Marketing,25.0,43296.04395374388,5.295798784560308,2023-12-05,49669.42,1.1,Medium
1463,Employee_463,HR,56.0,39939.35010658538,6.5505773590558665,2023-12-10,29390.6,1.1,Medium
1464,Employee_464,Marketing,47.0,66247.97304641051,6.4575234947592,2023-12-14,41880.48,1.1,Medium
1465,Employee_465,Support,33.0,55164.948119820416,6.343923468787216,2023-12-19,57420.98,1.0,Medium
1466,Employee_466,Engineering,32.0,104670.01097864256,5.827482136544437,2023-12-24,27831.14,1.0,Medium
1467,Employee_467,Engineering,58.0,104574.11142366416,8.055615755977248,2023-12-29,45529.01,1.0,High
1468,Employee_468,Finance,46.0,68925.72867702514,4.567516225770182,2024-01-02,44735.88,1.0,Medium
1469,Employee_469,Sales,41.0,59351.86746701402,4.55199409740667,2024-01-07,38539.95,1.0,Medium
1470,Employee_470,Support,40.0,60584.86204732556,7.629826378448433,2024-01-12,32443.16,1.0,High
1471,Employee_471,Sales,44.0,51360.29845676862,3.8182789568579487,2024-01-16,58221.96,1.0,Low
1472,Employee_472,Support,59.0,49556.71424328149,9.85002221015202,2024-01-21,31036.47,0.9,High
1473,Employee_473,Sales,39.0,53996.4366949649,5.923861603030924,2024-01-26,12819.42,0.9,Medium
1474,Employee_474,Finance,47.0,63388.62262641487,6.191290305808073,2024-01-30,49608.0,0.9,Medium
1475,Employee_475,Marketing,27.0,60580.62141942964,4.816401334186401,2024-02-04,21980.45,0.9,Medium
1476,Employee_476,Support,25.0,36749.4785839249,5.114576662833926,2024-02-09,50378.22,0.9,Medium
1477,Employee_477,Sales,50.0,53429.00832676301,5.28131474101462,2024-02-14,60023.55,0.9,Medium
1478,Employee_478,Marketing,55.0,47580.54162561441,4.566274599777758,2024-02-18,49446.25,0.9,Medium
1479,Employee_479,Support,41.0,45386.59902825684,6.835445994955313,2024-02-23,56071.17,0.9,Medium
1480,Employee_480,Marketing,37.0,65380.68352339034,5.594670118831595,2024-02-28,70300.74,0.8,Medium
1481,Employee_481,Marketing,23.0,52934.83756551845,7.172993721902195,2024-03-03,54501.41,0.8,High
1482,Employee_482,HR,55.0,50111.50103037095,10.0,2024-03-08,44958.6,0.8,High
1483,Employee_483,Engineering,29.0,91672.11112345518,5.640293695952935,2024-03-13,64509.22,0.8,Medium
1484,Employee_484,Marketing,34.0,65430.41870185602,6.499994205457737,2024-03-17,66321.63,0.8,Medium
1485,Employee_485,Marketing,29.0,58397.04190433741,6.489075180965132,2024-03-22,66531.58,0.8,Medium
1486,Employee_486,Support,51.0,58030.39610241367,9.368777024010958,2024-03-27,32617.85,0.8,High
1487,Employee_487,Sales,53.0,29788.973662576987,5.6055862347645045,2024-03-31,19689.72,0.8,Medium
1488,Employee_488,Engineering,57.0,125253.03416601328,6.519126328813121,2024-04-05,31702.12,0.7,Medium
1489,Employee_489,Support,51.0,34546.3948315498,3.577808983138933,2024-04-10,50554.62,0.7,Low
1490,Employee_490,Finance,22.0,74840.68028024893,6.155058092864095,2024-04-15,42387.38,0.7,Medium
1491,Employee_491,Engineering,38.0,78738.38507752982,4.764348925295668,2024-04-19,36902.79,0.7,Medium
1492,Employee_492,Marketing,41.0,67731.21791411162,9.401574829655583,2024-04-24,48407.22,0.7,High
1493,Employee_493,Engineering,45.0,93318.82983113913,8.820735122572405,2024-04-29,17937.92,0.7,High
1494,Employee_494,Sales,43.0,47191.43755185892,4.0580126357075486,2024-05-03,42117.54,0.7,Medium
1495,Employee_495,Engineering,50.0,102877.04814492376,5.57771225192242,2024-05-08,56776.86,0.7,Medium
1496,Employee_496,Engineering,43.0,88032.46944477694,6.012278634069176,2024-05-13,48239.73,0.6,Medium
1497,Employee_497,Marketing,30.0,66566.59125668404,8.424169196672347,2024-05-17,38681.63,0.6,High
1498,Employee_498,Sales,58.0,43994.08233764757,5.535223821438955,2024-05-22,63960.59,0.6,Medium
1499,Employee_499,Support,31.0,44629.34837314104,6.5822323948454144,2024-05-27,39007.85,0.6,Medium
1500,Employee_500,Support,57.0,45386.59902825684,7.113721645455176,2024-06-01,30203.63,0.6,High
